electorate,group,ballot_position,surname,given_names,ballot_party,member
albert-park,,1,DRAGWIDGE,Georgie,,
albert-park,,2,TAYLOR,Nina,Australian Labor Party - Victorian Branch,
albert-park,,3,SAMIOTIS,Kim,Australian Greens,
albert-park,,4,ANTUNOVIC,Elizabeth,Freedom Party of Victoria,
albert-park,,5,BRADEA,Viorel,Family First Victoria,
albert-park,,6,SHERSON,Lauren,Liberal,
albert-park,,7,SMART,Lance,Liberal Democrats,
albert-park,,8,WESTWOOD,Cassandra,Animal Justice Party,
ashwood,,1,JUDAH,Asher,Liberal,
ashwood,,2,SALOUMI,Lynnette,,
ashwood,,3,FREGON,Matt,Australian Labor Party - Victorian Branch,
ashwood,,4,MORGAN,Peter,Australian Greens,
ashwood,,5,BAKER,Norman F.,Freedom Party of Victoria,
ashwood,,6,GRIFFITHS,Milton,Animal Justice Party,
ashwood,,7,GEYER,Keith,Family First Victoria,
ashwood,,8,DOYLE,Michael,,
bass,,1,TESSARI,Brett,The Nationals,
bass,,2,O'NEILL,Mark,Labour DLP,
bass,,3,MUNDAY,Marcus,Freedom Party of Victoria,
bass,,4,VERHAGEN,Martin,Family First Victoria,
bass,,5,CRUGNALE,Jordan,Australian Labor Party - Victorian Branch,
bass,,6,MOUSELLIS,Elly,Animal Justice Party,
bass,,7,BROWN,Aaron,Liberal,
bass,,8,EDWARDS,Meg,,
bass,,9,BUGBIRD,Callum,Australian Greens,
bass,,10,JOBE,Jeni,,
bayswater,,1,COOMBES,Gary,Family First Victoria,
bayswater,,2,FIELD,Chris,Freedom Party of Victoria,
bayswater,,3,WORMALD,Alyssa,Animal Justice Party,
bayswater,,4,MACKALLAH,Chloe,,
bayswater,,5,WAKELING,Nick,Liberal,
bayswater,,6,DOLAN,Thomas,Labour DLP,
bayswater,,7,TAYLOR,Jackson,Australian Labor Party - Victorian Branch,
bayswater,,8,HEAP,Ashley,Legalise Cannabis Victoria,
bayswater,,9,SIRNINGER RANKIN,Nadia,Australian Greens,
bellarine,,1,SEMMENS,Rachel,Australian Greens,
bellarine,,2,GRIGAU,Donnie,Liberal,
bellarine,,3,MANUELL,Guy,Family First Victoria,
bellarine,,4,RITCHIE,Brett Anthony,Derryn Hinch's Justice Party,
bellarine,,5,MUSE,Kylee,Freedom Party of Victoria,
bellarine,,6,TAYLOR,Brendan,Angry Victorians Party,
bellarine,,7,MARCHANT,Alison,Australian Labor Party - Victorian Branch,
bellarine,,8,CARDILINI,Adam,Animal Justice Party,
bellarine,,9,FENTON,Sarah,,
benambra,,1,FUERY,Mike,Animal Justice Party,
benambra,,2,ROSSITER,Dean,Liberal Democrats,
benambra,,3,BRADY,Luke,Australian Greens,
benambra,,4,HAWKINS,Jacqui,,
benambra,,5,STRATTON,Janelle,Family First Victoria,
benambra,,6,TILLEY,Bill,Liberal,
benambra,,7,TAIT,Mark,Australian Labor Party - Victorian Branch,
benambra,,8,O'BRIEN,Adrian James,Freedom Party of Victoria,
bendigo-east,,1,McLELLAND-HOWE,Vyonne,Animal Justice Party,
bendigo-east,,2,SCHADE,Darin,Liberal,
bendigo-east,,3,MIHAIL,Ben,Pauline Hanson's One Nation,
bendigo-east,,4,KEETELAAR,Evelyn,Family First Victoria,
bendigo-east,,5,TOLHURST,Michael James,Australian Greens,
bendigo-east,,6,LAURIE,James,,
bendigo-east,,7,ALLAN,Jacinta,Australian Labor Party - Victorian Branch,
bendigo-west,,1,SERPELL,Steve,Family First Victoria,
bendigo-west,,2,PRICE,Ken,Liberal,
bendigo-west,,3,MAXWELL,Victoria,Animal Justice Party,
bendigo-west,,4,NUSKE,Marilyn,,
bendigo-west,,5,WOOLLEY,Richard James,Freedom Party of Victoria,
bendigo-west,,6,BANSEMER,Matt,,
bendigo-west,,7,EDWARDS,Maree,Australian Labor Party - Victorian Branch,
bendigo-west,,8,SEARLE,James,Australian Greens,
bendigo-west,,9,TAYLOR,Wayne,Legalise Cannabis Victoria,
bentleigh,,1,GNIESLAW,Simon,,
bentleigh,,2,STAIKOS,Nick,Australian Labor Party - Victorian Branch,
bentleigh,,3,GALLI-MCROSTIE,Alana,Australian Greens,
bentleigh,,4,HARRIS,David,Animal Justice Party,
bentleigh,,5,RYAN,Paul,Family First Victoria,
bentleigh,,6,TAYLOR-HAYNES,Debbie,Liberal,
berwick,,1,PERRY,Hayley,Australian Greens,
berwick,,2,HAUPT,Kerry,Freedom Party of Victoria,
berwick,,3,DOLHEGUY,Katherine,Animal Justice Party,
berwick,,4,BATTIN,Brad,Liberal,
berwick,,5,van der HORST,Joel,Family First Victoria,
berwick,,6,ZAVEER,Malik,Australian Labor Party - Victorian Branch,
box-hill,,1,TSENG,Wayne,,
box-hill,,2,FOLLONI,Sebastian,Animal Justice Party,
box-hill,,3,LISTON,Cameron,,
box-hill,,4,RIERA,Alicia,Freedom Party of Victoria,
box-hill,,5,WERNER,Nicole Ta-Ei,Liberal,
box-hill,,6,SHAN,Joanne,Australian Greens,
box-hill,,7,DEAN,Paul,Labour DLP,
box-hill,,8,ONG,Gary,Family First Victoria,
box-hill,,9,HAMER,Paul,Australian Labor Party - Victorian Branch,
brighton,,1,TIMMS,Allan L.,,
brighton,,2,SCIOLA,Nick,Family First Victoria,
brighton,,3,DEKIERE,Sarah,Australian Greens,
brighton,,4,GIBSON,Sally,,
brighton,,5,FREDERICO,Felicity,,
brighton,,6,WALKER,Alicia,Animal Justice Party,
brighton,,7,NEWBURY,James,Liberal,
brighton,,8,CRAWFORD,Louise,Australian Labor Party - Victorian Branch,
brighton,,9,CASLEY,John Tiger,,
broadmeadows,,1,DUZOVA,Baris,Liberal,
broadmeadows,,2,HASSAN,Omar,Victorian Socialists,
broadmeadows,,3,HUYBREGTS,Arie,,
broadmeadows,,4,MATTHEWS-WARD,Kathleen,Australian Labor Party - Victorian Branch,
broadmeadows,,5,SUTTER,Ben,Fiona Patten's Reason Party,
broadmeadows,,6,ELMUSTAPHA,Mohamad,,
broadmeadows,,7,TAM,Bienne,Family First Victoria,
broadmeadows,,8,AGUILUS,Joe,Australian Greens,
broadmeadows,,9,FEILD,Candace,Animal Justice Party,
brunswick,,1,HELOU,Anthony,,
brunswick,,2,WILLIAMS,Mike,Australian Labor Party - Victorian Branch,
brunswick,,3,JIMENEZ,Nahui,Victorian Socialists,
brunswick,,4,EVANS,Shea,Fiona Patten's Reason Party,
brunswick,,5,SHAKER,Lilian Sabry,Family First Victoria,
brunswick,,6,NGUYEN,Minh Quan,Liberal,
brunswick,,7,LAMARCHE-BEAUCHESNE,Rachel,Animal Justice Party,
brunswick,,8,TAYLOR,Kenneth Charles,,
brunswick,,9,READ,Tim,Australian Greens,
bulleen,,1,STAFFORD,Kellie,Australian Greens,
bulleen,,2,SABHLOK,Sanjeev,,
bulleen,,3,STOKES,Jason,Family First Victoria,
bulleen,,4,VINCENT,David,,
bulleen,,5,GUY,Matthew,Liberal,
bulleen,,6,PATRIKIOS,Voula,Freedom Party of Victoria,
bulleen,,7,ROGERS,Ian,Australian Labor Party - Victorian Branch,
bulleen,,8,JAFARI,Elnaz,Animal Justice Party,
bundoora,,1,O'BRIEN,Julie,Australian Greens,
bundoora,,2,TOMAR,Sahil,Liberal,
bundoora,,3,KOELMEYER,Eric,,
bundoora,,4,BROOKS,Colin,Australian Labor Party - Victorian Branch,
bundoora,,5,JONES,Ethan,Family First Victoria,
bundoora,,6,LU,Andrew,Freedom Party of Victoria,
bundoora,,7,HOLGATE,Bella,Animal Justice Party,
carrum,,1,WILLIS,Damian,,
carrum,,2,EREVNIDIS,Georgia,Freedom Party of Victoria,
carrum,,3,CAMERON,Jeremy,Family First Victoria,
carrum,,4,MACGREGOR OWEN,Taylor,Animal Justice Party,
carrum,,5,LILLICO,Jayde,Australian Greens,
carrum,,6,BUCHANAN,Bec,Liberal,
carrum,,7,KILKENNY,Sonya,Australian Labor Party - Victorian Branch,
caulfield,,1,KALTMANN,Nomi,,
caulfield,,2,EDWELL,Lynne,Family First Victoria,
caulfield,,3,IAMPOLSKI,Rachel,Australian Greens,
caulfield,,4,MYERSON,Asher,Animal Justice Party,
caulfield,,5,SOUTHWICK,David,Liberal,
caulfield,,6,HAREL,Lior,Australian Labor Party - Victorian Branch,
caulfield,,7,ABELMAN,Michael,Liberal Democrats,
clarinda,,1,WHITE,Caroline,,
clarinda,,2,HASTINGS,Karen,Family First Victoria,
clarinda,,3,WOLFE,Steve,Freedom Party of Victoria,
clarinda,,4,VO,Hung,,
clarinda,,5,TAK,Meng Heang,Australian Labor Party - Victorian Branch,
clarinda,,6,RICHARDSON,Anthony,Liberal,
clarinda,,7,MOFFETT,Jessamine,Australian Greens,
clarinda,,8,LITCHFIELD,Sue,Animal Justice Party,
cranbourne,,1,HARVEY,Bradley,Family First Victoria,
cranbourne,,2,NORTON,Chris,Labour DLP,
cranbourne,,3,PHILPOTT,Peter Bernard,Derryn Hinch's Justice Party,
cranbourne,,4,SINGH,Jagdeep,Liberal,
cranbourne,,5,RICHARDS,Pauline,Australian Labor Party - Victorian Branch,
cranbourne,,6,BRENNAN,Gwynne,Animal Justice Party,
cranbourne,,7,RAGUPATHY,Ravi,,
cranbourne,,8,HANSEN,Gerardine Frances,Freedom Party of Victoria,
cranbourne,,9,VEMPATI,Kiran,Australian Greens,
croydon,,1,de WIT,Sophia,Labour DLP,
croydon,,2,McDONALD-ECKERSALL,Harley,Animal Justice Party,
croydon,,3,GRASSO,Sorina,Australian Labor Party - Victorian Branch,
croydon,,4,HODGETT,David,Liberal,
croydon,,5,POWELL,Brendan,Australian Greens,
croydon,,6,NEBAUER,Dan,Family First Victoria,
dandenong,,1,HARMSE,Audrey,Family First Victoria,
dandenong,,2,LEVCHENKO,Anthony,Freedom Party of Victoria,
dandenong,,3,WILLIAMS,Gabrielle,Australian Labor Party - Victorian Branch,
dandenong,,4,KIRWAN,Matthew,Australian Greens,
dandenong,,5,BROADLEY,Karen,Liberal,
dandenong,,6,KLOP,Andrew,Animal Justice Party,
dandenong,,7,TURNER,Tham,Liberal Democrats,
eastern-victoria,A,1,MANN,Richard,Victorian Socialists,
eastern-victoria,A,2,ACREMAN,Natalie,Victorian Socialists,
eastern-victoria,B,1,STANFIELD,Ruth,Derryn Hinch's Justice Party,
eastern-victoria,B,2,O'CONNELL,Lachlan,Derryn Hinch's Justice Party,
eastern-victoria,C,1,HEATH,Renee,Liberal,
eastern-victoria,D,1,BATH,Melina,The Nationals,
eastern-victoria,E,1,BURGESS,David,Liberal,
eastern-victoria,E,2,COOMBES,Sharn,Liberal,
eastern-victoria,F,1,HARRINGTON,Mick,The Nationals,
eastern-victoria,G,1,CASEY,Shane,Angry Victorians Party,
eastern-victoria,G,2,RIZZO,Virginia,Angry Victorians Party,
eastern-victoria,G,3,MARSHALL,Ben,Angry Victorians Party,
eastern-victoria,H,1,HANSFORD,Greg,Freedom Party of Victoria,
eastern-victoria,H,2,AKERS,Ray,Freedom Party of Victoria,
eastern-victoria,I,1,BARNES,Dean,Fiona Patten's Reason Party,
eastern-victoria,I,2,CASH,Eve,Fiona Patten's Reason Party,
eastern-victoria,J,1,SEMMEL,Philip,Labour DLP,
eastern-victoria,J,2,KENNEDY,Catherine,Labour DLP,
eastern-victoria,K,1,WALLACE,Kristy Michelle,Health Australia Party,
eastern-victoria,K,2,WHITE,Tania,Health Australia Party,
eastern-victoria,L,1,AJJAMPURA,Srilakshmi,New Democrats,
eastern-victoria,L,2,DARJI,Komalben Rasiklal,New Democrats,
eastern-victoria,L,3,SHAH,Namrata Rajan,New Democrats,
eastern-victoria,M,1,PICKERING,Warren,Pauline Hanson's One Nation,
eastern-victoria,M,2,WADDELL,Jeff,Pauline Hanson's One Nation,
eastern-victoria,N,1,WILDE,Milton,Family First Victoria,
eastern-victoria,N,2,SAWTELL,Natasha,Family First Victoria,
eastern-victoria,O,1,McCATHIE,Rob,Liberal Democrats,
eastern-victoria,O,2,WARD,Angus,Liberal Democrats,
eastern-victoria,P,1,MORGAN,Mat,Australian Greens,
eastern-victoria,P,2,FROGLEY,Adam,Australian Greens,
eastern-victoria,P,3,WHEELOCK,Jessica,Australian Greens,
eastern-victoria,P,4,WHEELOCK,Lynda,Australian Greens,
eastern-victoria,P,5,BARDALES,Rodrigo,Australian Greens,
eastern-victoria,Q,1,FORREST,Thomas,Legalise Cannabis Victoria,
eastern-victoria,Q,2,SMITH,Mark,Legalise Cannabis Victoria,
eastern-victoria,R,1,BOURMAN,Jeff,"Shooters, Fishers & Farmers Vic",
eastern-victoria,R,2,MUIR,Kerrie-Anne,"Shooters, Fishers & Farmers Vic",
eastern-victoria,S,1,UNKLES,James William,United Australia Party,
eastern-victoria,S,2,WILSON,Paul,United Australia Party,
eastern-victoria,T,1,CRAM,Austin,Animal Justice Party,
eastern-victoria,T,2,McADAM,Jennifer,Animal Justice Party,
eastern-victoria,U,1,PATERSON,Sophie,Sustainable Australia Party – Stop Overdevelopment / Corruption,
eastern-victoria,U,2,CRESSWELL,Anthony,Sustainable Australia Party – Stop Overdevelopment / Corruption,
eastern-victoria,V,1,HUTCHISON,John,Companions and Pets Party,
eastern-victoria,V,2,EDDY,Sean,Companions and Pets Party,
eastern-victoria,W,1,McINTOSH,Tom,Australian Labor Party - Victorian Branch,
eastern-victoria,W,2,SHING,Harriet,Australian Labor Party - Victorian Branch,
eastern-victoria,W,3,TEMPLAR-KANSHLO,Amie,Australian Labor Party - Victorian Branch,
eastern-victoria,W,4,LANGLEY,Jannette,Australian Labor Party - Victorian Branch,
eastern-victoria,W,5,D'ARCY,Marg,Australian Labor Party - Victorian Branch,
eastern-victoria,X,1,TROSHEN,Ralf,Transport Matters,
eastern-victoria,X,2,DUNN,Mark,Transport Matters,
eastern-victoria,Y,1,COSKUN,Cengiz,Sack Dan Andrews Restore Democracy,
eastern-victoria,Y,2,COSKUN,Connie,Sack Dan Andrews Restore Democracy,
eastern-victoria,,1,O'BRIEN,John,,
eildon,,1,JUDD,Jane,Australian Labor Party - Victorian Branch,
eildon,,2,BOND,Chloe,Animal Justice Party,
eildon,,3,McLEISH,Cindy,Liberal,
eildon,,4,THORNTON,Robert,,
eildon,,5,MIKELSONS,Wil,Australian Greens,
eildon,,6,RUSIC,Joshua,Freedom Party of Victoria,
eildon,,7,CORDNER HUNT,Kammy,,
eildon,,8,LACEY,Tim,Family First Victoria,
eltham,,1,WARD,Vicki,Australian Labor Party - Victorian Branch,
eltham,,2,KARIMI,Leila,Labour DLP,
eltham,,3,McCLINTOCK,Jason,Liberal,
eltham,,4,MARSHALL,Catriona,Animal Justice Party,
eltham,,5,GRIMES,Alex,Australian Greens,
eltham,,6,STUBLEY,Hugh,Family First Victoria,
essendon,,1,WILLIAMS,Gayle,Animal Justice Party,
essendon,,2,WRIGHT,David,Freedom Party of Victoria,
essendon,,3,PRENTIS,Jared,Australian Greens,
essendon,,4,DADICH,Daniel Nair,Victorian Socialists,
essendon,,5,HOPE,Nicholas,Fiona Patten's Reason Party,
essendon,,6,BARONESSA,Angelo,Liberal,
essendon,,7,PEARSON,Danny,Australian Labor Party - Victorian Branch,
essendon,,8,MUIR,Margaret,Family First Victoria,
eureka,,1,TATCHELL,Paul,Liberal,
eureka,,2,GIAMPAOLO,Anthony Joseph,Freedom Party of Victoria,
eureka,,3,McCOLL,Sam,Australian Greens,
eureka,,4,GARCIA,Adrian,Family First Victoria,
eureka,,5,RICKARD,Tabitha,Labour DLP,
eureka,,6,MORRISON,Wendy,Animal Justice Party,
eureka,,7,RAY,Michael,,
eureka,,8,REID,Nicola,,
eureka,,9,BANWELL,Mark William,,
eureka,,10,SETTLE,Michaela,Australian Labor Party - Victorian Branch,
euroa,,1,TOUGH,Angela,Australian Labor Party - Victorian Branch,
euroa,,2,HADDOCK,Elaine,Animal Justice Party,
euroa,,3,CLEELAND,Annabelle,The Nationals,
euroa,,4,HEARN,Brad,Liberal,
euroa,,5,BENNETT,James,Australian Greens,
euroa,,6,BACHELOR,Paul,Family First Victoria,
euroa,,7,ROWBOTHAM,Raymond Mark,Freedom Party of Victoria,
evelyn,,1,HEALD,Jan,Animal Justice Party,
evelyn,,2,DE FRANCESCO,Nat,,
evelyn,,3,DENT,Lorna,Australian Labor Party - Victorian Branch,
evelyn,,4,DE FRANCESCO,Rosalie,,
evelyn,,5,VALLENCE,Bridget,Liberal,
evelyn,,6,DOBSON,Jeanette,Family First Victoria,
evelyn,,7,HENLEY,Andrew,Australian Greens,
footscray,,1,PEREYRA,Elena,Australian Greens,
footscray,,2,MANSOURI JAJAEE,Shohre,Animal Justice Party,
footscray,,3,HALL,Katie,Australian Labor Party - Victorian Branch,
footscray,,4,MUIR,Russell,Family First Victoria,
footscray,,5,WILLIAMS,Alan,Labour DLP,
footscray,,6,JORQUERA,Jorge,Victorian Socialists,
footscray,,7,JOESIKA,Emete,Liberal,
frankston,,1,SURIC,Dragan,Freedom Party of Victoria,
frankston,,2,GREEN,Emily,Australian Greens,
frankston,,3,JOHNSTON,Elizabeth,Animal Justice Party,
frankston,,4,BERGWERF,Darren Paul,,
frankston,,5,KELSALL,Henry,,
frankston,,6,BROWN,Richard,Family First Victoria,
frankston,,7,EDBROOKE,Paul,Australian Labor Party - Victorian Branch,
frankston,,8,O'REILLY,Michael,Liberal,
frankston,,9,ABRAHAM,Chrysten,Liberal Democrats,
geelong,,1,PARKER-HILL,Madeleine,Family First Victoria,
geelong,,2,CARR,Angela,,
geelong,,3,JUHASZ,Stephen,,
geelong,,4,BENNETT-HULLIN,James,Liberal,
geelong,,5,COUZENS,Christine,Australian Labor Party - Victorian Branch,
geelong,,6,MOTTA,Bob,Animal Justice Party,
geelong,,7,SMITH,Aleisha,Australian Greens,
gippsland-east,,1,BULL,Tim,The Nationals,
gippsland-east,,2,FECHNER,Carl John,Family First Victoria,
gippsland-east,,3,RICHARDSON,Stephen,Australian Labor Party - Victorian Branch,
gippsland-east,,4,MUIR,Ricky,"Shooters, Fishers & Farmers Vic",
gippsland-east,,5,LING,Nissa,Australian Greens,
gippsland-east,,6,COURT,Sally,Animal Justice Party,
gippsland-east,,7,BARNES,Ed,Freedom Party of Victoria,
gippsland-south,,1,ESLER,Clay,,
gippsland-south,,2,TIZIANI-SIMPSON,Jay,Australian Greens,
gippsland-south,,3,FURLONG,Paul,Family First Victoria,
gippsland-south,,4,RYAN,Denise,Australian Labor Party - Victorian Branch,
gippsland-south,,5,O'BRIEN,Danny,The Nationals,
gippsland-south,,6,JEGES,Helen,Animal Justice Party,
gippsland-south,,7,NEWNHAM,Angela,Freedom Party of Victoria,
glen-waverley,,1,MARSH,Scott,Labour DLP,
glen-waverley,,2,HARRIS,Joyce Maree,Freedom Party of Victoria,
glen-waverley,,3,PARTRIDGE,Steph,Australian Greens,
glen-waverley,,4,HANCE,Maddy,Animal Justice Party,
glen-waverley,,5,MULLAHY,John,Australian Labor Party - Victorian Branch,
glen-waverley,,6,HUISMAN,Kristeen,Family First Victoria,
glen-waverley,,7,ANGUS,Neil,Liberal,
greenvale,,1,YOLBULAN,Mutullah Can,Victorian Socialists,
greenvale,,2,ERCIYAS,Fatma,,
greenvale,,3,GHANI,Usman,Liberal,
greenvale,,4,BENGTSSON,Maria,Family First Victoria,
greenvale,,5,SANTA-ISABEL,Cristina,Australian Greens,
greenvale,,6,STYLES,Lauren,Freedom Party of Victoria,
greenvale,,7,WALTERS,Iwan,Australian Labor Party - Victorian Branch,
greenvale,,8,FURINA,Rosanna,Animal Justice Party,
hastings,,1,JACK,Tyson,Animal Justice Party,
hastings,,2,SAUNDERS,Paul,Australian Greens,
hastings,,3,MERCURIO,Paul,Australian Labor Party - Victorian Branch,
hastings,,4,de WIT,Camille,Labour DLP,
hastings,,5,SABO,Tom,Family First Victoria,
hastings,,6,BENSON,Janet Felicity,Freedom Party of Victoria,
hastings,,7,HUTTON,Briony,Liberal,
hastings,,8,WHITEHILL,Robert,,
hawthorn,,1,FUHRER,Faith,Animal Justice Party,
hawthorn,,2,KENNEDY,John,Australian Labor Party - Victorian Branch,
hawthorn,,3,TRIANTAFILLIS,Ken,Family First Victoria,
hawthorn,,4,PEPPARD,Richard,Liberal Democrats,
hawthorn,,5,LOWE,Melissa,,
hawthorn,,6,SAVAGE,Nick,Australian Greens,
hawthorn,,7,PESUTTO,John,Liberal,
hawthorn,,8,BELL,Stratton,Labour DLP,
ivanhoe,,1,CARBINES,Anthony,Australian Labor Party - Victorian Branch,
ivanhoe,,2,HAYWARD,Sarah,Family First Victoria,
ivanhoe,,3,KHOURY,Bernadette,Liberal,
ivanhoe,,4,RISTEVSKI,Sonja,Animal Justice Party,
ivanhoe,,5,LANGDON,Craig,,
ivanhoe,,6,BIEBER,Emily,Australian Greens,
kalkallo,,1,SPENCE,Ros,Australian Labor Party - Victorian Branch,
kalkallo,,2,SINGH,Bikram,Liberal,
kalkallo,,3,LOWE,Frances,Animal Justice Party,
kalkallo,,4,PAREL,Jimmy George,,
kalkallo,,5,UL MURTAZA,Muhammad Nisar,Australian Greens,
kalkallo,,6,FRENCH,Callum John,,
kalkallo,,7,SANDHU,Smiley,New Democrats,
kalkallo,,8,SAYER,Das,Family First Victoria,
kalkallo,,9,MONSALVE TOBON,Sergio,Victorian Socialists,
kew,,1,TORNEY,Sophie,,
kew,,2,SULLIVAN,Kym,,
kew,,3,DAVIS,Finlay,,
kew,,4,SKELTON,Lucy,Australian Labor Party - Victorian Branch,
kew,,5,SEELEY,Ann,Family First Victoria,
kew,,6,WILSON,Jess,Liberal,
kew,,7,CARTER,Jackie,Australian Greens,
kew,,8,SCHOFIELD,Ruby,Animal Justice Party,
kororoit,,1,GIBSON,Belle,Victorian Socialists,
kororoit,,2,CHANDOK,Jaz,New Democrats,
kororoit,,3,BROWN,Zuzanna,Labour DLP,
kororoit,,4,DIVITA,Katherine,Animal Justice Party,
kororoit,,5,BAUCH,Joh,,
kororoit,,6,MILUTINOVIC,Melanie,Family First Victoria,
kororoit,,7,GRIGOROVITCH,Luba,Australian Labor Party - Victorian Branch,
kororoit,,8,CHESTER,Ben,Australian Greens,
kororoit,,9,FLETCHER,John,Liberal,
lara,,1,GARDNER,Courtney,Australian Greens,
lara,,2,HATHWAY,Sarah,,
lara,,3,KREIN,Ralph,Liberal,
lara,,4,RANKINE,Steve,Family First Victoria,
lara,,5,GEORGE,Ella,Australian Labor Party - Victorian Branch,
lara,,6,KELLY,Peter,Animal Justice Party,
lara,,7,TAYLOR,Ash,Angry Victorians Party,
lara,,8,PAYNE,Max,Liberal Democrats,
laverton,,1,SONI,Gurneet,New Democrats,
laverton,,2,DURZADA,Braishna,Australian Greens,
laverton,,3,FRY,David,Family First Victoria,
laverton,,4,PAREDES,Rufo,,
laverton,,5,WIRTH,Michael,Labour DLP,
laverton,,6,ROBERTSON,Catherine,Victorian Socialists,
laverton,,7,RAYMOND,Trent,Freedom Party of Victoria,
laverton,,8,BAGHERI,Pouya,Animal Justice Party,
laverton,,9,CONNOLLY,Sarah,Australian Labor Party - Victorian Branch,
laverton,,10,REDDY,Raja,Liberal,
lowan,,1,ETHERTON,Richard,Angry Victorians Party,
lowan,,2,KEALY,Emma,The Nationals,
lowan,,3,RAMSAY,Tamasin,Animal Justice Party,
lowan,,4,COLEMAN,Robert,Family First Victoria,
lowan,,5,MEAD,Amanda,,
lowan,,6,MONAGHAN,Mick,Australian Labor Party - Victorian Branch,
lowan,,7,LANE,Richard,Australian Greens,
macedon,,1,BONANNO,Dominic,Liberal,
macedon,,2,McRAE McLEOD,Marley,Australian Greens,
macedon,,3,THOMAS,Mary-Anne,Australian Labor Party - Victorian Branch,
macedon,,4,BARTON,Huntly,,
macedon,,5,SEDGMAN,Kerryn P.,Freedom Party of Victoria,
macedon,,6,McCORMACK,Chris,Family First Victoria,
macedon,,7,EVEZARD,Amanda,Pauline Hanson's One Nation,
macedon,,8,BERGMANN,Iris,Animal Justice Party,
malvern,,1,NATOLI,Amelia,Animal Justice Party,
malvern,,2,NATALE,Darren,Australian Labor Party - Victorian Branch,
malvern,,3,O'BRIEN,Michael,Liberal,
malvern,,4,STEFANOPOULOS,Steve,,
malvern,,5,SCHMIDT,Judy,Family First Victoria,
malvern,,6,FULLER,Mitchell,Australian Greens,
melbourne,,1,PALACKALODY,George,Liberal,
melbourne,,2,SANDELL,Ellen,Australian Greens,
melbourne,,3,JANSON,Michael,Family First Victoria,
melbourne,,4,AL-SAIMARY,Laylah,,
melbourne,,5,BOLGER,Colleen,Victorian Socialists,
melbourne,,6,BANGAAR,Rabin,Animal Justice Party,
melbourne,,7,SMITH,Steven J.,Freedom Party of Victoria,
melbourne,,8,THISTLETON,Rebecca,Australian Labor Party - Victorian Branch,
melbourne,,9,FOXWORTHY,Nicola,Fiona Patten's Reason Party,
melton,,1,BLACKBORROW,Paul,"Shooters, Fishers & Farmers Vic",
melton,,2,BIRCHALL,Ian,,
melton,,3,DOBRAN,Tony,Freedom Party of Victoria,
melton,,4,WATT,Graham,Liberal,
melton,,5,BRUNT,Richard,Family First Victoria,
melton,,6,PERERA,Jason Spencer,,
melton,,7,ALP,Ashley,Labour DLP,
melton,,8,MORRIS,Praise,Australian Greens,
melton,,9,BINGHAM,Jarrod James,,
melton,,10,McGHIE,Steve,Australian Labor Party - Victorian Branch,
melton,,11,CIAPPARA,Lucienne,Health Australia Party,
melton,,12,ADIN-JAMES,Fiona,Animal Justice Party,
melton,,13,KAUR,Jasleen,New Democrats,
melton,,14,DONALD,Samantha Jane,Derryn Hinch's Justice Party,
mildura,,1,CUPPER,Ali,,
mildura,,2,BRYMER,Sonia,,
mildura,,3,BROUGHAM,Philippe John,Freedom Party of Victoria,
mildura,,4,SHARPE,Felicity,Labour DLP,
mildura,,5,MATHESON,Paul,Liberal,
mildura,,6,ZIGOURAS,Stella,Australian Labor Party - Victorian Branch,
mildura,,7,BENHAM,Jade,The Nationals,
mildura,,8,ZAYN,Angylina,Animal Justice Party,
mildura,,9,STRATTON,Brad,Family First Victoria,
mildura,,10,MILNE,Glenn,,
mildura,,11,CLEMENTS,Katie,Australian Greens,
mill-park,,1,SIMONS,Marcia,Animal Justice Party,
mill-park,,2,YAP,Paige,Liberal,
mill-park,,3,ANDERSON,Craig,Family First Victoria,
mill-park,,4,FILIPPOPOULOS,Andrew,Freedom Party of Victoria,
mill-park,,5,D'AMBROSIO,Lily,Australian Labor Party - Victorian Branch,
mill-park,,6,KEARNEY,Chris,Australian Greens,
monbulk,,1,COLE,Craig,,
monbulk,,2,FOLLONI,Leah,Animal Justice Party,
monbulk,,3,BARNES,Veronica,Freedom Party of Victoria,
monbulk,,4,ORMSBY,Michael,Australian Greens,
monbulk,,5,WARD,Gareth,Liberal,
monbulk,,6,SKELTON,Johanna,,
monbulk,,7,HIGGINS,David,Family First Victoria,
monbulk,,8,DE MARTINO,Daniela,Australian Labor Party - Victorian Branch,
mordialloc,,1,O'DONNELL,Sarah,,
mordialloc,,2,REID,Phil,,
mordialloc,,3,VO,Chi,Animal Justice Party,
mordialloc,,4,RICHARDSON,Tim,Australian Labor Party - Victorian Branch,
mordialloc,,5,LUM,Patrick,Family First Victoria,
mordialloc,,6,LESSA,Daniel,Australian Greens,
mordialloc,,7,ALBRECHT,Deborah,Freedom Party of Victoria,
mordialloc,,8,PEASE,Phillip,Liberal,
mornington,,1,LARDNER,Kate,,
mornington,,2,SCHWEEN,Leonie,Animal Justice Party,
mornington,,3,CREWTHER,Chris,Liberal,
mornington,,4,HAYWARD,Ross,Family First Victoria,
mornington,,5,PETTITT,Paul,Freedom Party of Victoria,
mornington,,6,AGIRTAN,Jane,,
mornington,,7,SINCLAIR,Harry,Australian Greens,
mornington,,8,FOWLER,Georgia,Australian Labor Party - Victorian Branch,
morwell,,1,HARRIMAN,Dale,Liberal,
morwell,,2,CAMERON,Martin,The Nationals,
morwell,,3,MAIDANA,Alex,Freedom Party of Victoria,
morwell,,4,HINE,Rochelle,Australian Greens,
morwell,,5,PROCTOR,Lisa,,
morwell,,6,CLARKE,Brendan,Family First Victoria,
morwell,,7,McAULIFFE,Jessica,Animal Justice Party,
morwell,,8,MAXFIELD,Kate,Australian Labor Party - Victorian Branch,
morwell,,9,GIBSON,Sharon,,
morwell,,10,LUND,Tracie,,
morwell,,11,HICKEN,Allan,Pauline Hanson's One Nation,
morwell,,12,SNELLING,David,"Shooters, Fishers & Farmers Vic",
mulgrave,,1,ANDREWS,Daniel,Australian Labor Party - Victorian Branch,
mulgrave,,2,KING,Andrew,,
mulgrave,,3,ISMA,Ezra J. D.,,
mulgrave,,4,MOODY,Anne,,
mulgrave,,5,COOK,Ian,,
mulgrave,,6,TOSCANO,Joseph,,
mulgrave,,7,MOULD,David,Animal Justice Party,
mulgrave,,8,FOREMAN,Jane,Family First Victoria,
mulgrave,,9,LIM,Robert,Australian Greens,
mulgrave,,10,WOOD,Maree,Labour DLP,
mulgrave,,11,PIASTRINO,Michael,Liberal,
mulgrave,,12,THEODOSSOPOULOU,Fotini,,
mulgrave,,13,LEE,Howard,,
mulgrave,,14,McLINDON,Aidan,Freedom Party of Victoria,
murray-plains,,1,MacPHERSON,Cameron,Family First Victoria,
murray-plains,,2,BISH,Katia,Freedom Party of Victoria,
murray-plains,,3,HURRELL,Damien,Australian Labor Party - Victorian Branch,
murray-plains,,4,LEUNG,Glenys,Animal Justice Party,
murray-plains,,5,WALSH,Peter,The Nationals,
murray-plains,,6,OTTO,Andrea,,
murray-plains,,7,BROWNSTEIN,John,Australian Greens,
narracan,,1,ABELMAN,Michael,Liberal Democrats,
narracan,,2,WOLFE,Tony,,
narracan,,3,WEAVER,Alyssa,Australian Greens,
narracan,,4,CRAM,Austin,Animal Justice Party,
narracan,,5,DE WIT,Sophia Camille,Labour DLP,
narracan,,6,MURPHY,Casey,Pauline Hanson's One Nation,
narracan,,7,HONEY,Ian,,
narracan,,8,CLARKE,Brendan,Family First Victoria,
narracan,,9,BLACKWELL,Leonie,Freedom Party of Victoria,
narracan,,10,FARNHAM,Wayne,Liberal,
narracan,,11,McCABE,Annemarie,,
narre-warren-north,,1,WILSON,Belinda,Australian Labor Party - Victorian Branch,
narre-warren-north,,2,ZMEGAC,Andrew,Labour DLP,
narre-warren-north,,3,RUYTER,Monique,"Shooters, Fishers & Farmers Vic",
narre-warren-north,,4,CAPON,Stephen,,
narre-warren-north,,5,GARDNER,Sheree,Animal Justice Party,
narre-warren-north,,6,ELKINS,Christine,Family First Victoria,
narre-warren-north,,7,PARKER,Craig,Freedom Party of Victoria,
narre-warren-north,,8,MATULEC,Stephen,Liberal Democrats,
narre-warren-north,,9,DRAGAN,Timothy,Liberal,
narre-warren-north,,10,McLEAN,Laura,Australian Greens,
narre-warren-south,,1,HARVEY,Jacqueline,Family First Victoria,
narre-warren-south,,2,SKROBO,Christine,Liberal Democrats,
narre-warren-south,,3,BAKER-PEARCE,Tylere,,
narre-warren-south,,4,SAMUEL,Annette,Liberal,
narre-warren-south,,5,MAAS,Gary,Australian Labor Party - Victorian Branch,
narre-warren-south,,6,GALLAGHER,Michael,Animal Justice Party,
narre-warren-south,,7,MOORE,Susanna,Australian Greens,
narre-warren-south,,8,HANSEN,Geoff,Freedom Party of Victoria,
nepean,,1,MILLER,Jay,Companions and Pets Party,
nepean,,2,DIJKMAN,Janny,Family First Victoria,
nepean,,3,ENGELANDER,Pamela,Animal Justice Party,
nepean,,4,AINSLIE,Charelle,,
nepean,,5,GROTH,Sam,Liberal,
nepean,,6,GLEIXNER,Esther,Australian Greens,
nepean,,7,ANGER,Steve,,
nepean,,8,LEINE,Hank,Freedom Party of Victoria,
nepean,,9,WOOLCOCK,Elizabeth,,
nepean,,10,BRAYNE,Chris,Australian Labor Party - Victorian Branch,
nepean,,11,SKRUZNY,Cynthia,Labour DLP,
niddrie,,1,MAUGERI,Frank,Freedom Party of Victoria,
niddrie,,2,KRUSE,Holly,Labour DLP,
niddrie,,3,CARROLL,Ben,Australian Labor Party - Victorian Branch,
niddrie,,4,REICH,Brad,Victorian Socialists,
niddrie,,5,MEILAK,Shannon,Animal Justice Party,
niddrie,,6,GARCIA,Joanne,Family First Victoria,
niddrie,,7,GRAMMENOS,Georgia,New Democrats,
niddrie,,8,YOUHANA,Alan,Liberal,
niddrie,,9,McGINNESS,Declan,Australian Greens,
north-eastern-metropolitan,A,1,MUNRO,Leesa Michelle,Health Australia Party,
north-eastern-metropolitan,A,2,HICKS,Andrew,Health Australia Party,
north-eastern-metropolitan,B,1,DOLAN,Hugh,Labour DLP,
north-eastern-metropolitan,B,2,VAN DER ENDE,Brenton,Labour DLP,
north-eastern-metropolitan,B,3,TSINGOPOULOS,George,Labour DLP,
north-eastern-metropolitan,B,4,TRA,James,Labour DLP,
north-eastern-metropolitan,C,1,JAISINGHANI,Darshan Lal,New Democrats,
north-eastern-metropolitan,C,2,GARG,Rajat,New Democrats,
north-eastern-metropolitan,C,3,NARANG,Pushpdeep,New Democrats,
north-eastern-metropolitan,D,1,TESA,Maya,Liberal Democrats,
north-eastern-metropolitan,D,2,LAY,Josh,Liberal Democrats,
north-eastern-metropolitan,E,1,EDWARDS,Wally,Angry Victorians Party,
north-eastern-metropolitan,E,2,GIANFRIDDO,Joe,Angry Victorians Party,
north-eastern-metropolitan,F,1,BANHIDY,Chris,"Shooters, Fishers & Farmers Vic",
north-eastern-metropolitan,F,2,HANSON,Hugh,"Shooters, Fishers & Farmers Vic",
north-eastern-metropolitan,G,1,THOMPSON,Judith,Derryn Hinch's Justice Party,
north-eastern-metropolitan,G,2,PHILPOTT,Annette,Derryn Hinch's Justice Party,
north-eastern-metropolitan,H,1,COBANKARA,Serife,Sack Dan Andrews Restore Democracy,
north-eastern-metropolitan,H,2,COBANKARA,Husyin,Sack Dan Andrews Restore Democracy,
north-eastern-metropolitan,I,1,MOORE,Lucas,Victorian Socialists,
north-eastern-metropolitan,I,2,KOPSCHEWA,Lillian,Victorian Socialists,
north-eastern-metropolitan,J,1,SPRINGLE,Nina,Fiona Patten's Reason Party,
north-eastern-metropolitan,J,2,CAIRNS,Francis,Fiona Patten's Reason Party,
north-eastern-metropolitan,K,1,REID,Craig,Companions and Pets Party,
north-eastern-metropolitan,K,2,JONES,Julia,Companions and Pets Party,
north-eastern-metropolitan,L,1,RICHARDSON,Peter,Pauline Hanson's One Nation,
north-eastern-metropolitan,L,2,TURNER,William,Pauline Hanson's One Nation,
north-eastern-metropolitan,M,1,DELFORCE,Chris,Animal Justice Party,
north-eastern-metropolitan,M,2,ALEKSOV,Angel,Animal Justice Party,
north-eastern-metropolitan,N,1,WALLIS,Nicholas,Legalise Cannabis Victoria,
north-eastern-metropolitan,N,2,NEGRI,Anna,Legalise Cannabis Victoria,
north-eastern-metropolitan,O,1,LEANE,Shaun,Australian Labor Party - Victorian Branch,
north-eastern-metropolitan,O,2,TERPSTRA,Sonja,Australian Labor Party - Victorian Branch,
north-eastern-metropolitan,O,3,GADANI,Nildhara,Australian Labor Party - Victorian Branch,
north-eastern-metropolitan,O,4,JAVED,Rana Shahid,Australian Labor Party - Victorian Branch,
north-eastern-metropolitan,O,5,SIMPSON,Kieran,Australian Labor Party - Victorian Branch,
north-eastern-metropolitan,P,1,CORCORAN,Jack,Sustainable Australia Party – Stop Overdevelopment / Corruption,
north-eastern-metropolitan,P,2,CLOW,William,Sustainable Australia Party – Stop Overdevelopment / Corruption,
north-eastern-metropolitan,Q,1,BACH,Matthew,Liberal,
north-eastern-metropolitan,Q,2,McGOWAN,Nick,Liberal,
north-eastern-metropolitan,Q,3,LANGFORD,Kirsten,Liberal,
north-eastern-metropolitan,Q,4,LING,Irene,Liberal,
north-eastern-metropolitan,Q,5,HOUGUET,Sally,Liberal,
north-eastern-metropolitan,R,1,PUGLIELLI,Aiv,Australian Greens,
north-eastern-metropolitan,R,2,SUN,Sophia,Australian Greens,
north-eastern-metropolitan,R,3,CHASE,Liz,Australian Greens,
north-eastern-metropolitan,R,4,COOKSON,Asher,Australian Greens,
north-eastern-metropolitan,R,5,NEWMAN,Sarah,Australian Greens,
north-eastern-metropolitan,S,1,CAMERON,Alister,Family First Victoria,
north-eastern-metropolitan,S,2,van STRIJP,Nina,Family First Victoria,
north-eastern-metropolitan,T,1,BARTON,Rod,Transport Matters,
north-eastern-metropolitan,T,2,GUEST,Kim,Transport Matters,
north-eastern-metropolitan,U,1,CHEESMAN,Greg,Freedom Party of Victoria,
north-eastern-metropolitan,U,2,HEATHERICH,Daniella,Freedom Party of Victoria,
north-eastern-metropolitan,V,1,SCAGLIONE,Nathan,United Australia Party,
north-eastern-metropolitan,V,2,ZIVKOVIC,Irene,United Australia Party,
northcote,,1,WHITEHEAD,Adrian,,
northcote,,2,NTOUNI,Anastacia,Freedom Party of Victoria,
northcote,,3,GOME,Campbell,Australian Greens,
northcote,,4,OSECKAS,Tim,Animal Justice Party,
northcote,,5,LARKIN,Kath,Victorian Socialists,
northcote,,6,CAVE,Anthony,Liberal Democrats,
northcote,,7,THEOPHANOUS,Kat,Australian Labor Party - Victorian Branch,
northcote,,8,ASHTON,Kathrine,Family First Victoria,
northcote,,9,CLARKE,April,Fiona Patten's Reason Party,
northcote,,10,TODHUNTER,Stewart,Liberal,
northcote,,11,VERMA,Ashish,,
northern-metropolitan,A,1,HIRMIZ,Imad,Family First Victoria,
northern-metropolitan,A,2,LOWRY,Denise,Family First Victoria,
northern-metropolitan,B,1,MULHOLLAND,Evan,Liberal,
northern-metropolitan,B,2,GUEST,Owen,Liberal,
northern-metropolitan,B,3,STAKER-GUNN,Tim,Liberal,
northern-metropolitan,B,4,TEMPANY,Melinda,Liberal,
northern-metropolitan,B,5,QADEER,Hafiz,Liberal,
northern-metropolitan,C,1,DIAMANTOPOULOS,Georgia,Transport Matters,
northern-metropolitan,C,2,RACO,Francesco,Transport Matters,
northern-metropolitan,D,1,ROS,Amita,New Democrats,
northern-metropolitan,D,2,SINGH,Pushpinder,New Democrats,
northern-metropolitan,D,3,BHINDER,Vikram,New Democrats,
northern-metropolitan,E,1,MORAN,Kelly,United Australia Party,
northern-metropolitan,E,2,MCCAMISH,Scott,United Australia Party,
northern-metropolitan,F,1,RICHARDSON,Damien,Freedom Party of Victoria,
northern-metropolitan,F,2,STODDART,Cameron,Freedom Party of Victoria,
northern-metropolitan,G,1,SILVERBERG,Paul,Liberal Democrats,
northern-metropolitan,G,2,VERSTEEGEN,Rachel,Liberal Democrats,
northern-metropolitan,H,1,PHILPOTT-SMART,Simone,Derryn Hinch's Justice Party,
northern-metropolitan,H,2,STANFIELD,Thomas,Derryn Hinch's Justice Party,
northern-metropolitan,I,1,PRIDHAM,Alison,Sustainable Australia Party – Stop Overdevelopment / Corruption,
northern-metropolitan,I,2,BUDGEON,Daryl,Sustainable Australia Party – Stop Overdevelopment / Corruption,
northern-metropolitan,J,1,TAGGART,Lisa,Health Australia Party,
northern-metropolitan,J,2,BRODIE,Gabrielle,Health Australia Party,
northern-metropolitan,K,1,GRUTZNER,Pauline,Companions and Pets Party,
northern-metropolitan,K,2,PULLEN,Linda,Companions and Pets Party,
northern-metropolitan,L,1,SOMYUREK,Adem,Labour DLP,
northern-metropolitan,L,2,de WIT,Cary,Labour DLP,
northern-metropolitan,M,1,HORSFALL,Leah,Animal Justice Party,
northern-metropolitan,M,2,POON,Bruce,Animal Justice Party,
northern-metropolitan,N,1,RATNAM,Samantha,Australian Greens,
northern-metropolitan,N,2,KENNEDY,Esther,Australian Greens,
northern-metropolitan,N,3,JEFFORD,Sarah,Australian Greens,
northern-metropolitan,N,4,LEACH,Michael,Australian Greens,
northern-metropolitan,N,5,MORRISON,Kenna,Australian Greens,
northern-metropolitan,O,1,CONSTANTINOU,Ethan,"Shooters, Fishers & Farmers Vic",
northern-metropolitan,O,2,PODGER,Ben,"Shooters, Fishers & Farmers Vic",
northern-metropolitan,P,1,WATT,Sheena,Australian Labor Party - Victorian Branch,
northern-metropolitan,P,2,ERDOGAN,Enver,Australian Labor Party - Victorian Branch,
northern-metropolitan,P,3,BYERS,Susie,Australian Labor Party - Victorian Branch,
northern-metropolitan,P,4,GAUL,Chloe,Australian Labor Party - Victorian Branch,
northern-metropolitan,P,5,ALJALIL,Ramy,Australian Labor Party - Victorian Branch,
northern-metropolitan,Q,1,FREEMAN,Nickee,Angry Victorians Party,
northern-metropolitan,Q,2,CASHION,Jake,Angry Victorians Party,
northern-metropolitan,R,1,PATTEN,Fiona,Fiona Patten's Reason Party,
northern-metropolitan,R,2,RYAN,Judy,Fiona Patten's Reason Party,
northern-metropolitan,R,3,CLARK,Jenn,Fiona Patten's Reason Party,
northern-metropolitan,R,4,BRASSETT,Marcella,Fiona Patten's Reason Party,
northern-metropolitan,R,5,JAGIELSKI,Tali Siani,Fiona Patten's Reason Party,
northern-metropolitan,S,1,YESILAGAC,Hatice,Sack Dan Andrews Restore Democracy,
northern-metropolitan,S,2,YOLCU,Berke,Sack Dan Andrews Restore Democracy,
northern-metropolitan,T,1,HALE,Andrew,Legalise Cannabis Victoria,
northern-metropolitan,T,2,THOMPSON,Renee,Legalise Cannabis Victoria,
northern-metropolitan,U,1,DAVIS,Jessica,Pauline Hanson's One Nation,
northern-metropolitan,U,2,CONSIDINE,Matthew,Pauline Hanson's One Nation,
northern-metropolitan,V,1,SMALL,Jerome,Victorian Socialists,
northern-metropolitan,V,2,LEWIS,Cathy,Victorian Socialists,
northern-metropolitan,,1,MANCELL,Colin John,,
northern-victoria,A,1,WARNER,Kim,Health Australia Party,
northern-victoria,A,2,MORAN,Shaun,Health Australia Party,
northern-victoria,B,1,SHARP,Melanie,Fiona Patten's Reason Party,
northern-victoria,B,2,CHAPMAN,Callum,Fiona Patten's Reason Party,
northern-victoria,C,1,KNIGHT,Josh,"Shooters, Fishers & Farmers Vic",
northern-victoria,C,2,WATKINS,Peter,"Shooters, Fishers & Farmers Vic",
northern-victoria,D,1,BARNES,Laura,Companions and Pets Party,
northern-victoria,D,2,BRITTON,Robert,Companions and Pets Party,
northern-victoria,E,1,HOCKING,Karen,Victorian Socialists,
northern-victoria,E,2,DYNES,Emma,Victorian Socialists,
northern-victoria,F,1,MILLER,Adam,Legalise Cannabis Victoria,
northern-victoria,F,2,McINALLY,Christopher,Legalise Cannabis Victoria,
northern-victoria,G,1,SHAW,Geoff,United Australia Party,
northern-victoria,G,2,SUARES,Elijah,United Australia Party,
northern-victoria,H,1,SYMES,Jaclyn,Australian Labor Party - Victorian Branch,
northern-victoria,H,2,McWHINNEY,James,Australian Labor Party - Victorian Branch,
northern-victoria,H,3,MILLS,Gareth,Australian Labor Party - Victorian Branch,
northern-victoria,H,4,KRAMMAER,Rahn,Australian Labor Party - Victorian Branch,
northern-victoria,H,5,BRIDGES,Mitch,Australian Labor Party - Victorian Branch,
northern-victoria,I,1,LOVELL,Wendy,Liberal,
northern-victoria,J,1,BROAD,Gaelle,The Nationals,
northern-victoria,K,1,MILLAR,Amanda,Liberal,
northern-victoria,L,1,FISHER,Liz,The Nationals,
northern-victoria,M,1,MERKEL,Jillian,Liberal,
northern-victoria,N,1,QUILTY,Tim,Liberal Democrats,
northern-victoria,N,2,MOLESWORTH,Tim,Liberal Democrats,
northern-victoria,O,1,JONES,Mark,Angry Victorians Party,
northern-victoria,O,2,TOMLIN,Melanie,Angry Victorians Party,
northern-victoria,P,1,MAXWELL,Tania,Derryn Hinch's Justice Party,
northern-victoria,P,2,HERRON,John,Derryn Hinch's Justice Party,
northern-victoria,Q,1,CEYLAN,Yasemin,Sack Dan Andrews Restore Democracy,
northern-victoria,Q,2,ORHAN,Mukadder,Sack Dan Andrews Restore Democracy,
northern-victoria,R,1,SINCLAIR,Cate,Australian Greens,
northern-victoria,R,2,THOMPSON,Lenka,Australian Greens,
northern-victoria,R,3,THESING,Ralf,Australian Greens,
northern-victoria,R,4,STOREY,Rosemary,Australian Greens,
northern-victoria,R,5,CHAPMAN,Robin David,Australian Greens,
northern-victoria,S,1,CHIVERS,Ian,Sustainable Australia Party – Stop Overdevelopment / Corruption,
northern-victoria,S,2,DOENSEN,Allan,Sustainable Australia Party – Stop Overdevelopment / Corruption,
northern-victoria,T,1,SHARMA,Erin,New Democrats,
northern-victoria,T,2,CHOPRA,Brijesh,New Democrats,
northern-victoria,T,3,DER,Kuldeep Jitendrakumar,New Democrats,
northern-victoria,T,4,RANA,Ravinder Singh,New Democrats,
northern-victoria,U,1,COWIE,Scott,Transport Matters,
northern-victoria,U,2,CULLEN,Neil,Transport Matters,
northern-victoria,V,1,TYRRELL,Rikkie-Lee,Pauline Hanson's One Nation,
northern-victoria,V,2,EDWARDS-SCOTT,Nadine,Pauline Hanson's One Nation,
northern-victoria,W,1,PURCELL,Georgie,Animal Justice Party,
northern-victoria,W,2,McGOLDRICK,Michelle,Animal Justice Party,
northern-victoria,X,1,ROYAL,Mark,Labour DLP,
northern-victoria,X,2,McPHEE,Ross,Labour DLP,
northern-victoria,Y,1,NEIL,Christopher James Alan,Freedom Party of Victoria,
northern-victoria,Y,2,WALLENBORN,Henk N.,Freedom Party of Victoria,
northern-victoria,Z,1,WHITE,Michael,Family First Victoria,
northern-victoria,Z,2,NORTON-SMITH,Carol,Family First Victoria,
oakleigh,,1,MURPHY,Dominique,,
oakleigh,,2,DIMOPOULOS,Steve,Australian Labor Party - Victorian Branch,
oakleigh,,3,SOK,Edward,Family First Victoria,
oakleigh,,4,GRIVOKOSTOPOULOS,Jim,Liberal,
oakleigh,,5,KIOUPELIS,Parashos,,
oakleigh,,6,HSIEH,Hsiang-Han,Australian Greens,
oakleigh,,7,FABB,Loraine,Animal Justice Party,
oakleigh,,8,JACOBS,Anthony Charles,Freedom Party of Victoria,
ovens-valley,,1,McCURDY,Tim,The Nationals,
ovens-valley,,2,BUGGE,Mark,Freedom Party of Victoria,
ovens-valley,,3,WISE,Anna,Family First Victoria,
ovens-valley,,4,LESCHEN,Zuvele,Australian Labor Party - Victorian Branch,
ovens-valley,,5,SLATER,Aisha,Animal Justice Party,
ovens-valley,,6,KROMAR,Zoe,Australian Greens,
ovens-valley,,7,FIDGE,Julian,Liberal Democrats,
pakenham,,1,FARRELLY,David,Liberal,
pakenham,,2,PLEDGER-FIRTH,Hannah,Animal Justice Party,
pakenham,,3,MAIBAUM,Michelle,Australian Greens,
pakenham,,4,GORE,Christopher,Family First Victoria,
pakenham,,5,CLARKE,Sammi,Freedom Party of Victoria,
pakenham,,6,OWEN,Brett,,
pakenham,,7,VULIN,Emma,Australian Labor Party - Victorian Branch,
pakenham,,8,SAGOO,Rajvir Singh,,
pakenham,,9,SARKESHIK,Sarasadat,Labour DLP,
pakenham,,10,SILADJI,Angela,Pauline Hanson's One Nation,
pakenham,,11,SMITH,Elissa,Legalise Cannabis Victoria,
pascoe-vale,,1,HAH,Madaleine,Victorian Socialists,
pascoe-vale,,2,WRIGHT,Tom,Liberal,
pascoe-vale,,3,CIMBARO,Richard,Family First Victoria,
pascoe-vale,,4,ADAMS,Elizabeth,Animal Justice Party,
pascoe-vale,,5,GLOVER,Margee,Fiona Patten's Reason Party,
pascoe-vale,,6,BOLTON,Sue,,
pascoe-vale,,7,CIANFLONE,Anthony,Australian Labor Party - Victorian Branch,
pascoe-vale,,8,PANOPOULOS,Angelica,Australian Greens,
point-cook,,1,CRONKWRIGHT,Carolyn,Family First Victoria,
point-cook,,2,BEECH,Terri,Animal Justice Party,
point-cook,,3,KHAN,Shamsher,Australian Greens,
point-cook,,4,ZHAO,Larry,,
point-cook,,5,NEWHOUSE,Angela,Liberal,
point-cook,,6,McAULAY,Alex,Victorian Socialists,
point-cook,,7,GATTI,Lisa Jane,Transport Matters,
point-cook,,8,LAW,Emma,Health Australia Party,
point-cook,,9,CHAUDHARY,Rakhi P.,New Democrats,
point-cook,,10,HILAKARI,Mathew,Australian Labor Party - Victorian Branch,
point-cook,,11,ABDULOVSKI,Adrian,Freedom Party of Victoria,
point-cook,,12,SAWANT,Shwetali,,
point-cook,,13,GRIMLEY,Scott,Derryn Hinch's Justice Party,
point-cook,,14,HAMMAN,Daniel,Labour DLP,
point-cook,,15,GARRA,Joe,,
polwarth,,1,McALLISTER,Hilary,Australian Greens,
polwarth,,2,BORSOS,Denes C.,,
polwarth,,3,HUNTER,Hollie,Family First Victoria,
polwarth,,4,HUSSEIN,Hutch,Australian Labor Party - Victorian Branch,
polwarth,,5,ATCHISON,Elisha,Animal Justice Party,
polwarth,,6,REMENYI,Joseph Vincent,Derryn Hinch's Justice Party,
polwarth,,7,RIORDAN,Richard,Liberal,
prahran,,1,LE HURAY,Alice,Animal Justice Party,
prahran,,2,LUCAS,Matthew,Liberal,
prahran,,3,CHAU,Wesa,Australian Labor Party - Victorian Branch,
prahran,,4,MENADUE,Alan,,
prahran,,5,HIBBINS,Sam,Australian Greens,
prahran,,6,EMILSEN,Ronald,Family First Victoria,
preston,,1,GRECO,Gaetano,,
preston,,2,SANAGHAN,Brian,,
preston,,3,SOLIMAN,Raouf,Family First Victoria,
preston,,4,PATERSON,Patchouli,Australian Greens,
preston,,5,LAHIFF-JENKINS,Carmen,Fiona Patten's Reason Party,
preston,,6,UNICOMB,Rachel,Animal Justice Party,
preston,,7,MATIAS,Angelique,Freedom Party of Victoria,
preston,,8,PALIOURAS,Amanda,Liberal,
preston,,9,LAMBERT,Nathan,Australian Labor Party - Victorian Branch,
preston,,10,PRICE,Steph,Victorian Socialists,
richmond,,1,VIGGERS,Lis,Animal Justice Party,
richmond,,2,WARD,Roz,Victorian Socialists,
richmond,,3,HO,Meca,,
richmond,,4,COWEN,Jeremy,Fiona Patten's Reason Party,
richmond,,5,DE VIETRI,Gabrielle,Australian Greens,
richmond,,6,MOON,Lucas,Liberal,
richmond,,7,FREIVERTS,Markus,Family First Victoria,
richmond,,8,O'DWYER,Lauren,Australian Labor Party - Victorian Branch,
ringwood,,1,RYAN,Gary,Labour DLP,
ringwood,,2,FOWLES,Will,Australian Labor Party - Victorian Branch,
ringwood,,3,SIEMER,Robyn M.,Freedom Party of Victoria,
ringwood,,4,WATSON,Cynthia,Liberal,
ringwood,,5,STEEN,Reuben,Australian Greens,
ringwood,,6,GRIFFITH-JONES,Richard,Family First Victoria,
ringwood,,7,ROWE,Nick,Animal Justice Party,
ripon,,1,SMITH,Luke,"Shooters, Fishers & Farmers Vic",
ripon,,2,RIGG,Wayne,,
ripon,,3,JAMES,Earl,Australian Greens,
ripon,,4,HAYLETT,Martha,Australian Labor Party - Victorian Branch,
ripon,,5,WILSON,Wren Louise,Derryn Hinch's Justice Party,
ripon,,6,STALEY,Louise,Liberal,
ripon,,7,SITTERS,Holly,Animal Justice Party,
ripon,,8,GEORGE,Craig,Family First Victoria,
ripon,,9,QUINCE,Bernard,,
rowville,,1,WELLS,Kim,Liberal,
rowville,,2,SEYMOUR,Nicole,,
rowville,,3,DI CAMILLO,Angelica,Australian Greens,
rowville,,4,VERMA,Mannie Kaur,Australian Labor Party - Victorian Branch,
rowville,,5,SMULDERS,Peterine Elizabeth,Freedom Party of Victoria,
rowville,,6,BURGESS,Stephen,Family First Victoria,
rowville,,7,GLENANE,Diane,Animal Justice Party,
sandringham,,1,REGAN,Alysia,Australian Greens,
sandringham,,2,ZMEGAC,Karla,Labour DLP,
sandringham,,3,PRESCOTT,Bettina,Australian Labor Party - Victorian Branch,
sandringham,,4,EPPINGSTALL,Barbara,Animal Justice Party,
sandringham,,5,ROWSWELL,Brad,Liberal,
sandringham,,6,CHALMERS,Jill,Family First Victoria,
sandringham,,7,CAMPBELL,Rodney,,
sandringham,,8,MARTIN,Clarke,,
shepparton,,1,O'KEEFFE,Kim,The Nationals,
shepparton,,2,CHRISTOE,Ian,Australian Greens,
shepparton,,3,TAYLOR,Katherine,Animal Justice Party,
shepparton,,4,McGRATH,Sueie,Labour DLP,
shepparton,,5,TEASDALE,Diane M.,Freedom Party of Victoria,
shepparton,,6,COWAN,Liam,Australian Labor Party - Victorian Branch,
shepparton,,7,HAMMER,Cheryl,Liberal,
shepparton,,8,SHEED,Suzanna,,
shepparton,,9,WHITE,Alison,Family First Victoria,
south-barwon,,1,KATOS,Andrew,Liberal,
south-barwon,,2,DEAN,Jeynelle Marie,Derryn Hinch's Justice Party,
south-barwon,,3,DAWSON-SCOTT,Genevieve Frances,Australian Greens,
south-barwon,,4,BATES,Leone,Labour DLP,
south-barwon,,5,BARRON,Alan,Family First Victoria,
south-barwon,,6,ADAMS,Naomi,Animal Justice Party,
south-barwon,,7,TOMLINSON,Simone,Freedom Party of Victoria,
south-barwon,,8,CHEESEMAN,Darren,Australian Labor Party - Victorian Branch,
south-eastern-metropolitan,A,1,PAYNE,Rachel,Legalise Cannabis Victoria,
south-eastern-metropolitan,A,2,KNIPE,Jeffrey,Legalise Cannabis Victoria,
south-eastern-metropolitan,B,1,GONSALVEZ,Geraldine,Health Australia Party,
south-eastern-metropolitan,B,2,LUKIS,Kate,Health Australia Party,
south-eastern-metropolitan,C,1,LIMBRICK,David,Liberal Democrats,
south-eastern-metropolitan,C,2,KING,Ethelyn,Liberal Democrats,
south-eastern-metropolitan,D,1,STEVENS,Beth,Pauline Hanson's One Nation,
south-eastern-metropolitan,D,2,MARR,Cyndi,Pauline Hanson's One Nation,
south-eastern-metropolitan,E,1,HINCH,Derryn,Derryn Hinch's Justice Party,
south-eastern-metropolitan,E,2,DWIVEDI,Mohit,Derryn Hinch's Justice Party,
south-eastern-metropolitan,F,1,THAVARAJA,Lavanya,Victorian Socialists,
south-eastern-metropolitan,F,2,TRAVIS,Jaynaya,Victorian Socialists,
south-eastern-metropolitan,G,1,PUSCASU,Daniel Costin,Sack Dan Andrews Restore Democracy,
south-eastern-metropolitan,G,2,PUSCASU IANCULESCU,Rodica Marioara,Sack Dan Andrews Restore Democracy,
south-eastern-metropolitan,H,1,BRESKIN,Alex,Australian Greens,
south-eastern-metropolitan,H,2,WILLOUGHBY,Louisa,Australian Greens,
south-eastern-metropolitan,H,3,HARAHAP,Dewani,Australian Greens,
south-eastern-metropolitan,H,4,WONG,Janet,Australian Greens,
south-eastern-metropolitan,H,5,JONES,Karen,Australian Greens,
south-eastern-metropolitan,I,1,MINSTER,Barry Edward,Angry Victorians Party,
south-eastern-metropolitan,I,2,MOLIVIATIS,George,Angry Victorians Party,
south-eastern-metropolitan,J,1,LAKHATARIYA,Bhaveshkumar Vasantlal,New Democrats,
south-eastern-metropolitan,J,2,SINGH,Satinder,New Democrats,
south-eastern-metropolitan,J,3,PANCHAL,Nilam Dhaval,New Democrats,
south-eastern-metropolitan,J,4,PATEL,Bhavika Amrutlal,New Democrats,
south-eastern-metropolitan,K,1,DUNN,Norm,Transport Matters,
south-eastern-metropolitan,K,2,PETERS,Toni,Transport Matters,
south-eastern-metropolitan,L,1,SARIF,Marissa,Companions and Pets Party,
south-eastern-metropolitan,L,2,HUTCHISON,Wendy,Companions and Pets Party,
south-eastern-metropolitan,M,1,LEAHY,Martin,Fiona Patten's Reason Party,
south-eastern-metropolitan,M,2,MILEIKOWSKI,Ethan,Fiona Patten's Reason Party,
south-eastern-metropolitan,N,1,TARLAMIS,Lee,Australian Labor Party - Victorian Branch,
south-eastern-metropolitan,N,2,GALEA,Michael,Australian Labor Party - Victorian Branch,
south-eastern-metropolitan,N,3,KIEU,Tien,Australian Labor Party - Victorian Branch,
south-eastern-metropolitan,N,4,KHAN,Imran,Australian Labor Party - Victorian Branch,
south-eastern-metropolitan,N,5,SULLIVAN,Katrina,Australian Labor Party - Victorian Branch,
south-eastern-metropolitan,O,1,BOWDEN,Jennifer,Labour DLP,
south-eastern-metropolitan,O,2,WHITE,Khalif,Labour DLP,
south-eastern-metropolitan,P,1,HERMANS,Ann-Marie,Liberal,
south-eastern-metropolitan,P,2,HANUMANTHARAYAPPA,Manju,Liberal,
south-eastern-metropolitan,P,3,MORICCA,Antonietta,Liberal,
south-eastern-metropolitan,P,4,SAMUEL,Lyndon,Liberal,
south-eastern-metropolitan,P,5,KEANE,Michael,Liberal,
south-eastern-metropolitan,Q,1,JONAS,Morgan C.,Freedom Party of Victoria,
south-eastern-metropolitan,Q,2,SPELMAN,Rebekah,Freedom Party of Victoria,
south-eastern-metropolitan,R,1,HOULT,Brandon,Sustainable Australia Party – Stop Overdevelopment / Corruption,
south-eastern-metropolitan,R,2,ARMSTRONG,Steven,Sustainable Australia Party – Stop Overdevelopment / Corruption,
south-eastern-metropolitan,S,1,POULTON,Grant,"Shooters, Fishers & Farmers Vic",
south-eastern-metropolitan,S,2,HEILY,Will,"Shooters, Fishers & Farmers Vic",
south-eastern-metropolitan,T,1,CURRIE,Bronwyn,Animal Justice Party,
south-eastern-metropolitan,T,2,HINKLEY,Davina,Animal Justice Party,
south-eastern-metropolitan,U,1,BABET,Matt,United Australia Party,
south-eastern-metropolitan,U,2,SINGH,Bobby,United Australia Party,
south-eastern-metropolitan,V,1,JONES,Lee,Family First Victoria,
south-eastern-metropolitan,V,2,HAYWARD,Colleen,Family First Victoria,
south-eastern-metropolitan,,1,SAYED,Mehdi,,
south-west-coast,,1,PURCELL,James,,
south-west-coast,,2,DOUKAS,Jim,,
south-west-coast,,3,McCLUSKEY,Michael,,
south-west-coast,,4,GRIMLEY,James Brash,Derryn Hinch's Justice Party,
south-west-coast,,5,ALTMANN,Carol,,
south-west-coast,,6,BRUNT,Chris,Family First Victoria,
south-west-coast,,7,ANDERSON,Jacinta,Animal Justice Party,
south-west-coast,,8,GASTON,Kylie,Australian Labor Party - Victorian Branch,
south-west-coast,,9,CAMPBELL,Thomas,Australian Greens,
south-west-coast,,10,BRITNELL,Roma,Liberal,
southern-metropolitan,A,1,HAYES,Clifford,Sustainable Australia Party – Stop Overdevelopment / Corruption,
southern-metropolitan,A,2,TERRY,Bettina,Sustainable Australia Party – Stop Overdevelopment / Corruption,
southern-metropolitan,B,1,BRAHMBHATT,Krishna Dharmeshkumar,New Democrats,
southern-metropolitan,B,2,CHAUDHARY,Jigarkumar Abhaysinh,New Democrats,
southern-metropolitan,B,3,MARWAHA,Ravinder Singh,New Democrats,
southern-metropolitan,C,1,KONS,Natasha,Freedom Party of Victoria,
southern-metropolitan,C,2,KONS,Madeleine,Freedom Party of Victoria,
southern-metropolitan,D,1,TAMMESILD,Paul,Transport Matters,
southern-metropolitan,D,2,PETERS,Marc,Transport Matters,
southern-metropolitan,E,1,THOMAS,Kellie,Health Australia Party,
southern-metropolitan,E,2,LAMBRICK,Mark,Health Australia Party,
southern-metropolitan,F,1,AKDOGAN,Nursin,Sack Dan Andrews Restore Democracy,
southern-metropolitan,F,2,ADANIR,Reyhan,Sack Dan Andrews Restore Democracy,
southern-metropolitan,G,1,SELAN,Marc,Legalise Cannabis Victoria,
southern-metropolitan,G,2,HOWMAN,Ben,Legalise Cannabis Victoria,
southern-metropolitan,H,1,MOLYNEUX,Joan,Companions and Pets Party,
southern-metropolitan,H,2,WINCH,Max,Companions and Pets Party,
southern-metropolitan,I,1,BRADBURY,Chris,Pauline Hanson's One Nation,
southern-metropolitan,I,2,PICKERING,Craig,Pauline Hanson's One Nation,
southern-metropolitan,J,1,TSIONGAS,Theodore,Labour DLP,
southern-metropolitan,J,2,CHAMBERS,Dean,Labour DLP,
southern-metropolitan,K,1,FORD,Matthew,Liberal Democrats,
southern-metropolitan,K,2,SEGAL,David,Liberal Democrats,
southern-metropolitan,L,1,JOHNSON,Andrew,Fiona Patten's Reason Party,
southern-metropolitan,L,2,JASPER,Stephen,Fiona Patten's Reason Party,
southern-metropolitan,M,1,HURLSTON,Dean,Angry Victorians Party,
southern-metropolitan,M,2,KAMP,Robert John,Angry Victorians Party,
southern-metropolitan,N,1,BOURMAN,Nicole,"Shooters, Fishers & Farmers Vic",
southern-metropolitan,N,2,COLLYER,Michelle,"Shooters, Fishers & Farmers Vic",
southern-metropolitan,O,1,COPSEY,Katherine,Australian Greens,
southern-metropolitan,O,2,FRIEND-PEREIRA,John,Australian Greens,
southern-metropolitan,O,3,PARKER,Anna,Australian Greens,
southern-metropolitan,O,4,ROCHA,Kylie,Australian Greens,
southern-metropolitan,O,5,ROWICK,Shanae,Australian Greens,
southern-metropolitan,P,1,DAVIS,David,Liberal,
southern-metropolitan,P,2,CROZIER,Georgie,Liberal,
southern-metropolitan,P,3,STAVROU,Nick,Liberal,
southern-metropolitan,P,4,LITWINOW,Andrew,Liberal,
southern-metropolitan,P,5,CLARK,Monica,Liberal,
southern-metropolitan,Q,1,BERGER,John,Australian Labor Party - Victorian Branch,
southern-metropolitan,Q,2,BATCHELOR,Ryan,Australian Labor Party - Victorian Branch,
southern-metropolitan,Q,3,CROSBY,Clive,Australian Labor Party - Victorian Branch,
southern-metropolitan,Q,4,PSAILA,Lynn,Australian Labor Party - Victorian Branch,
southern-metropolitan,Q,5,SHAHBAZ,Muhammad,Australian Labor Party - Victorian Branch,
southern-metropolitan,R,1,TODARO,Jack,Victorian Socialists,
southern-metropolitan,R,2,KRUGER,Liam,Victorian Socialists,
southern-metropolitan,S,1,KOFMANSKY,Leon,United Australia Party,
southern-metropolitan,S,2,MCCAMISH,Julie,United Australia Party,
southern-metropolitan,T,1,SCHULTZ,Ben,Animal Justice Party,
southern-metropolitan,T,2,DAVIES,Mia,Animal Justice Party,
southern-metropolitan,U,1,SULLIVAN,Ellie Jean,Derryn Hinch's Justice Party,
southern-metropolitan,U,2,DALE,Michele,Derryn Hinch's Justice Party,
southern-metropolitan,V,1,JANSON,Vickie,Family First Victoria,
southern-metropolitan,V,2,VAN DER END,Alex,Family First Victoria,
st-albans,,1,KERR,Maria,Liberal,
st-albans,,2,HOBART,Mark,Labour DLP,
st-albans,,3,RUDD,Van Thanh,Victorian Socialists,
st-albans,,4,WALTON,Russell,Family First Victoria,
st-albans,,5,SULEYMAN,Natalie,Australian Labor Party - Victorian Branch,
st-albans,,6,MANNAN,Zaffer,New Democrats,
st-albans,,7,BENTLEY,Joel,Australian Greens,
st-albans,,8,TACHOS,Virginia,,
st-albans,,9,CULLEN,Kim J.,Freedom Party of Victoria,
st-albans,,10,CARACASSIS,Jason,Animal Justice Party,
sunbury,,1,MOHR,Rohanna,Animal Justice Party,
sunbury,,2,PACE,Charles,Family First Victoria,
sunbury,,3,COTTOM,Simmone,Liberal,
sunbury,,4,BAYLISS,Peter,Labour DLP,
sunbury,,5,BULL,Josh,Australian Labor Party - Victorian Branch,
sunbury,,6,GALLAGHER,James,Victorian Socialists,
sunbury,,7,BURKE,Richard,Australian Greens,
sunbury,,8,PATEL,Rushi Vijaykumar,New Democrats,
sunbury,,9,PINCINI,Laurence,,
sydenham,,1,TAWADROS,Marvet,Family First Victoria,
sydenham,,2,CHLIHI,Hajar,Victorian Socialists,
sydenham,,3,HUTCHINS,Natalie,Australian Labor Party - Victorian Branch,
sydenham,,4,CULLIA,Joseph,Liberal,
sydenham,,5,LEUNG,Karina,Animal Justice Party,
sydenham,,6,RALPH,Maggie,Australian Greens,
sydenham,,7,RAMOS,Alejandro,Freedom Party of Victoria,
sydenham,,8,RADOVANI,Jakueline,Labour DLP,
tarneit,,1,PATEL,Jaydeep,New Democrats,
tarneit,,2,MOINUDDIN,Aijaz,,
tarneit,,3,URIBE,Claudio,Victorian Socialists,
tarneit,,4,WIGHT,Dylan,Australian Labor Party - Victorian Branch,
tarneit,,5,MILLER,Clare,Australian Greens,
tarneit,,6,JEFFREY,Thomas,Family First Victoria,
tarneit,,7,MAQSOOD,Erum,Freedom Party of Victoria,
tarneit,,8,SINGH,Preet,Liberal,
tarneit,,9,RAHN,Maurita,Animal Justice Party,
thomastown,,1,SINGH,Gurdawar,Liberal,
thomastown,,2,McNAMARA,Colleen,Family First Victoria,
thomastown,,3,LEVENS,Evie,Animal Justice Party,
thomastown,,4,HALFPENNY,Bronwyn,Australian Labor Party - Victorian Branch,
thomastown,,5,SINAPI,Matt,Australian Greens,
thomastown,,6,CVETKOVA,Kelly,Victorian Socialists,
warrandyte,,1,OAKLEY,Naomi,Australian Labor Party - Victorian Branch,
warrandyte,,2,RAE,Nicola,Animal Justice Party,
warrandyte,,3,JOSHI,Deepak,Australian Greens,
warrandyte,,4,VERNAY,Richard,Family First Victoria,
warrandyte,,5,PILLI,Cynthia,,
warrandyte,,6,SMITH,Ryan,Liberal,
wendouree,,1,HARKNESS,Ian,Family First Victoria,
wendouree,,2,HILLS,Bryn,Animal Justice Party,
wendouree,,3,McINTOSH,Samantha,Liberal,
wendouree,,4,ADDISON,Juliana,Australian Labor Party - Victorian Branch,
wendouree,,5,ECKEL,Bren,,
wendouree,,6,COLBERT,Dianne,Labour DLP,
wendouree,,7,BURNS,Ellen,Australian Greens,
werribee,,1,PALLAS,Tim,Australian Labor Party - Victorian Branch,
werribee,,2,WICKS,Patricia Anne,Derryn Hinch's Justice Party,
werribee,,3,BARCATTA,Patrizia,,
werribee,,4,BREAKWELL,Kathryn,Labour DLP,
werribee,,5,KWAN,Heni Cazlynn,,
werribee,,6,BODDEKE,Jack,Australian Greens,
werribee,,7,SHAW,Mia,Liberal,
werribee,,8,MUNRO,Sue,Victorian Socialists,
werribee,,9,TANDON,Prashant,New Democrats,
werribee,,10,SEGRAVE,Josh,Animal Justice Party,
werribee,,11,HOPPER,Paul,,
werribee,,12,EMERSON,Matthew,Family First Victoria,
werribee,,13,HOGAN,Karen,Health Australia Party,
werribee,,14,STROTHER,Mark,Freedom Party of Victoria,
werribee,,15,COLLINS,Trevor Russell,Transport Matters,
western-metropolitan,A,1,BULLER,Darren,Family First Victoria,
western-metropolitan,A,2,FILMER,Mary,Family First Victoria,
western-metropolitan,B,1,THIRKETTLE-WATTS,David,Fiona Patten's Reason Party,
western-metropolitan,B,2,MILLWARD,Harry,Fiona Patten's Reason Party,
western-metropolitan,C,1,JESSUP,Bert,Sustainable Australia Party – Stop Overdevelopment / Corruption,
western-metropolitan,C,2,BILIC,Dennis,Sustainable Australia Party – Stop Overdevelopment / Corruption,
western-metropolitan,D,1,VICKERS,Ken,"Shooters, Fishers & Farmers Vic",
western-metropolitan,D,2,ASHBY,Geoff,"Shooters, Fishers & Farmers Vic",
western-metropolitan,E,1,ACKERMAN,Fred,,
western-metropolitan,E,2,BARROW,Mark,,
western-metropolitan,F,1,DEEMING,Moira,Liberal,
western-metropolitan,F,2,LUU,Trung,Liberal,
western-metropolitan,F,3,HAQUE,Golam,Liberal,
western-metropolitan,F,4,PATEL,Manish,Liberal,
western-metropolitan,F,5,WALKER,Luan,Liberal,
western-metropolitan,G,1,ETTERSHANK,David,Legalise Cannabis Victoria,
western-metropolitan,G,2,MENTA,Raffaela,Legalise Cannabis Victoria,
western-metropolitan,H,1,TREHERNE,Craig,Companions and Pets Party,
western-metropolitan,H,2,BRITTON,Mary,Companions and Pets Party,
western-metropolitan,I,1,THOMAS,Bernadette,Australian Greens,
western-metropolitan,I,2,BRAY,Sarah,Australian Greens,
western-metropolitan,I,3,McRAE McLEOD,Isabella,Australian Greens,
western-metropolitan,I,4,DAVIES,Lloyd,Australian Greens,
western-metropolitan,I,5,VAIRO,Pierre,Australian Greens,
western-metropolitan,J,1,VAN BREE,Ursula,Pauline Hanson's One Nation,
western-metropolitan,J,2,VRIONIS,Frank,Pauline Hanson's One Nation,
western-metropolitan,K,1,CUMMING,Catherine,Angry Victorians Party,
western-metropolitan,K,2,ROBINSON,Adam,Angry Victorians Party,
western-metropolitan,K,3,ZALME,Jennifer,Angry Victorians Party,
western-metropolitan,L,1,CUTHBERTSON,Andrew,United Australia Party,
western-metropolitan,L,2,BANSAL,Deepak,United Australia Party,
western-metropolitan,M,1,VAGHELA,Kaushaliya Virjibhai,New Democrats,
western-metropolitan,M,2,SHAIK,Mohammed Quasim,New Democrats,
western-metropolitan,M,3,BISHNOI,Arix Maheshkumar,New Democrats,
western-metropolitan,M,4,PALKURI,Anitha Jyothi,New Democrats,
western-metropolitan,M,5,MALHOTRA,Yogesh Kumar,New Democrats,
western-metropolitan,N,1,WATKINS,Meg,Animal Justice Party,
western-metropolitan,N,2,KOPAS,Nat,Animal Justice Party,
western-metropolitan,O,1,CURSIO,Anthony,Liberal Democrats,
western-metropolitan,O,2,ROCHE,Liam,Liberal Democrats,
western-metropolitan,P,1,GOLDEN,Isaac,Health Australia Party,
western-metropolitan,P,2,GOLDEN,Leiah,Health Australia Party,
western-metropolitan,Q,1,FINN,Bernie,Labour DLP,
western-metropolitan,Q,2,LE,Thi Kim-Lien,Labour DLP,
western-metropolitan,R,1,PALKURI,Samson,Sack Dan Andrews Restore Democracy,
western-metropolitan,R,2,YALAZ,Burcin,Sack Dan Andrews Restore Democracy,
western-metropolitan,S,1,SULLIVAN,Peter,Derryn Hinch's Justice Party,
western-metropolitan,S,2,D'ARGENT,Jean-Marie,Derryn Hinch's Justice Party,
western-metropolitan,T,1,WALSH,Liz,Victorian Socialists,
western-metropolitan,T,2,MYLVAGANAM,Aran,Victorian Socialists,
western-metropolitan,U,1,VILLAGONZALO,Walter,,
western-metropolitan,U,2,ALCORDO,Sam,,
western-metropolitan,V,1,LOWINGER,Daniel,Transport Matters,
western-metropolitan,V,2,COLLINS,Greg,Transport Matters,
western-metropolitan,W,1,McBRIDE,John,Freedom Party of Victoria,
western-metropolitan,W,2,McBRIDE,Dan,Freedom Party of Victoria,
western-metropolitan,X,1,BLANDTHORN,Lizzie,Australian Labor Party - Victorian Branch,
western-metropolitan,X,2,STITT,Ingrid,Australian Labor Party - Victorian Branch,
western-metropolitan,X,3,MELHEM,Cesar,Australian Labor Party - Victorian Branch,
western-metropolitan,X,4,LAM,Cuc,Australian Labor Party - Victorian Branch,
western-metropolitan,X,5,KHAN,Nurul,Australian Labor Party - Victorian Branch,
western-metropolitan,,1,DEMIAN,Esther,,
western-victoria,A,1,GORMAN,Madilyn,Victorian Socialists,
western-victoria,A,2,RANDALL,Abbey,Victorian Socialists,
western-victoria,B,1,COLLYER,Ben,"Shooters, Fishers & Farmers Vic",
western-victoria,B,2,STANDEN,Graeme,"Shooters, Fishers & Farmers Vic",
western-victoria,C,1,PRYSE-SMITH,Terri Elizabeth,Pauline Hanson's One Nation,
western-victoria,C,2,DE PYLE,Sabine,Pauline Hanson's One Nation,
western-victoria,D,1,LAZOS,Constantine,Health Australia Party,
western-victoria,D,2,BRENNFLECK,Angelica,Health Australia Party,
western-victoria,E,1,DOWLING,Andrew,Legalise Cannabis Victoria,
western-victoria,E,2,HUMPHREY,Melanie,Legalise Cannabis Victoria,
western-victoria,F,1,SINCLAIR,Emma,Fiona Patten's Reason Party,
western-victoria,F,2,HURLEY,Olivia,Fiona Patten's Reason Party,
western-victoria,G,1,WEARNE,Madeleine,Sustainable Australia Party – Stop Overdevelopment / Corruption,
western-victoria,G,2,PASCOE,Robert,Sustainable Australia Party – Stop Overdevelopment / Corruption,
western-victoria,H,1,ERMACORA,Jacinta,Australian Labor Party - Victorian Branch,
western-victoria,H,2,TIERNEY,Gayle,Australian Labor Party - Victorian Branch,
western-victoria,H,3,BRIDGER-DARLING,Megan,Australian Labor Party - Victorian Branch,
western-victoria,H,4,PAVLOVICH,Sue,Australian Labor Party - Victorian Branch,
western-victoria,H,5,STOKES,Heather,Australian Labor Party - Victorian Branch,
western-victoria,I,1,CRONKWRIGHT,Dean,Family First Victoria,
western-victoria,I,2,IKEH,Chioma,Family First Victoria,
western-victoria,J,1,KOVAC,Antun,Freedom Party of Victoria,
western-victoria,J,2,BECERRA-KOVAC,Flor Vanessa,Freedom Party of Victoria,
western-victoria,K,1,FINNIGAN,Tosh-Jake,Sack Dan Andrews Restore Democracy,
western-victoria,K,2,CELIKDOGEN,Ismail Efe,Sack Dan Andrews Restore Democracy,
western-victoria,K,3,ORHAN,Sinan,Sack Dan Andrews Restore Democracy,
western-victoria,L,1,McGRATH,Julia,Liberal Democrats,
western-victoria,L,2,BARKER,Paul,Liberal Democrats,
western-victoria,M,1,COLLINS,Geoff,Companions and Pets Party,
western-victoria,M,2,FISHER,Simone,Companions and Pets Party,
western-victoria,N,1,GOMEZ BENITEZ,Cecilia,New Democrats,
western-victoria,N,2,KACHHIA,Vijaykumar,New Democrats,
western-victoria,N,3,DAVE,Hardik Bipinchandra,New Democrats,
western-victoria,N,4,PATEL,Jaymik Mahendrakumar,New Democrats,
western-victoria,O,1,KEARNS,Antonela,Transport Matters,
western-victoria,O,2,DUNN,Eddie,Transport Matters,
western-victoria,P,1,GRIMLEY,Stuart,Derryn Hinch's Justice Party,
western-victoria,P,2,O'BRIEN,Simone,Derryn Hinch's Justice Party,
western-victoria,Q,1,FAILLA,Natalie Valerie,United Australia Party,
western-victoria,Q,2,RAYMOND,Keith,United Australia Party,
western-victoria,R,1,Di BIASE,Costa,Labour DLP,
western-victoria,R,2,SKRUZNY,Ron,Labour DLP,
western-victoria,S,1,BURSON,Chris,Angry Victorians Party,
western-victoria,S,2,BEECK,Richard,Angry Victorians Party,
western-victoria,T,1,MEDDICK,Andy,Animal Justice Party,
western-victoria,T,2,WILSHIER,Hannah,Animal Justice Party,
western-victoria,U,1,MANSFIELD,Sarah,Australian Greens,
western-victoria,U,2,BARNES,John,Australian Greens,
western-victoria,U,3,BALDACCHINO,Judith,Australian Greens,
western-victoria,U,4,van der VLIES,Eva,Australian Greens,
western-victoria,U,5,ZIBELL,Linda,Australian Greens,
western-victoria,V,1,McARTHUR,Bev,Liberal,
western-victoria,V,2,McCRACKEN,Joe,Liberal,
western-victoria,W,1,RANK,Anita,The Nationals,
western-victoria,X,1,SHEARMAN,Angela,Liberal,
western-victoria,Y,1,LETTS,Robert,The Nationals,
western-victoria,,1,HELLMUTH,Storm,,
williamstown,,1,FISHER,Rochelle,Labour DLP,
williamstown,,2,KELLANDER,Daria,Liberal,
williamstown,,3,MOSELY,Joshua,Family First Victoria,
williamstown,,4,ANSALONE,Alexander,Freedom Party of Victoria,
williamstown,,5,MACANDILI,Julien Q.,Victorian Socialists,
williamstown,,6,HORNE,Melissa,Australian Labor Party - Victorian Branch,
williamstown,,7,RODOREDA,Suzette,Australian Greens,
williamstown,,8,MACKEVICIUS,Patricia,Animal Justice Party,
yan-yean,,1,WOOLDRIDGE,Jack,Labour DLP,
yan-yean,,2,HALL,James,Family First Victoria,
yan-yean,,3,MASON,Samantha,Australian Greens,
yan-yean,,4,GRIMLEY,Mandy Anne,Derryn Hinch's Justice Party,
yan-yean,,5,WELCH,Richard,Liberal,
yan-yean,,6,KATHAGE,Lauren,Australian Labor Party - Victorian Branch,
yan-yean,,7,KRSTIC,Alexandar,"Shooters, Fishers & Farmers Vic",
yan-yean,,8,BOUROUTZIS,Con,Freedom Party of Victoria,
yan-yean,,9,PARRAMORE,Ruth,Animal Justice Party,
