slug,first_name,last_name,display_name,parliament_vic_id,profile_url
adem-somyurek,Adem,Somyurek,Adem Somyurek,43,https://www.parliament.vic.gov.au/members/adem-somyurek/
aiv-puglielli,Aiv,Puglielli,Aiv Puglielli,1795,https://www.parliament.vic.gov.au/members/aiv-puglielli/
alison-marchant,Alison,Marchant,Alison Marchant,1784,https://www.parliament.vic.gov.au/members/alison-marchant/
anasina-gray-barberio,Anasina,Gray-Barberio,Anasina Gray-Barberio,1816,https://www.parliament.vic.gov.au/members/anasina-gray-barberio/
ann-marie-hermans,Ann-Marie,Hermans,Ann-Marie Hermans,1801,https://www.parliament.vic.gov.au/members/ann-marie-hermans/
annabelle-cleeland,Annabelle,Cleeland,Annabelle Cleeland,1785,https://www.parliament.vic.gov.au/members/annabelle-cleeland/
anthony-carbines,Anthony,Carbines,Anthony Carbines,96,https://www.parliament.vic.gov.au/members/anthony-carbines/
anthony-cianflone,Anthony,Cianflone,Anthony Cianflone,1782,https://www.parliament.vic.gov.au/members/anthony-cianflone/
anthony-marsh,Anthony,Marsh,Anthony Marsh,1819,https://www.parliament.vic.gov.au/members/anthony-marsh/
belinda-wilson,Belinda,Wilson,Belinda Wilson,1787,https://www.parliament.vic.gov.au/members/belinda-wilson/
ben-carroll,Ben,Carroll,Ben Carroll,108,https://www.parliament.vic.gov.au/members/ben-carroll/
bev-mcarthur,Bev,McArthur,Bev McArthur,1758,https://www.parliament.vic.gov.au/members/bev-mcarthur/
bill-tilley,Bill,Tilley,Bill Tilley,77,https://www.parliament.vic.gov.au/members/bill-tilley/
brad-battin,Brad,Battin,Brad Battin,80,https://www.parliament.vic.gov.au/members/brad-battin/
brad-rowswell,Brad,Rowswell,Brad Rowswell,1732,https://www.parliament.vic.gov.au/members/brad-rowswell/
bridget-vallence,Bridget,Vallence,Bridget Vallence,1731,https://www.parliament.vic.gov.au/members/bridget-vallence/
bronwyn-halfpenny,Bronwyn,Halfpenny,Bronwyn Halfpenny,65,https://www.parliament.vic.gov.au/members/bronwyn-halfpenny/
chris-couzens,Chris,Couzens,Chris Couzens,22,https://www.parliament.vic.gov.au/members/chris-couzens/
chris-crewther,Chris,Crewther,Chris Crewther,1776,https://www.parliament.vic.gov.au/members/chris-crewther/
cindy-mcleish,Cindy,McLeish,Cindy McLeish,94,https://www.parliament.vic.gov.au/members/cindy-mcleish/
colin-brooks,Colin,Brooks,Colin Brooks,75,https://www.parliament.vic.gov.au/members/colin-brooks/
daniel-andrews,Daniel,Andrews,Daniel Andrews,37,https://www.parliament.vic.gov.au/members/daniel-andrews/
daniela-de-martino,Daniela,De Martino,Daniela De Martino,1780,https://www.parliament.vic.gov.au/members/daniela-de-martino/
danny-obrien,Danny,O'Brien,Danny O'Brien,110,https://www.parliament.vic.gov.au/members/danny-obrien/
danny-pearson,Danny,Pearson,Danny Pearson,14,https://www.parliament.vic.gov.au/members/danny-pearson/
darren-cheeseman,Darren,Cheeseman,Darren Cheeseman,1745,https://www.parliament.vic.gov.au/members/darren-cheeseman/
david-davis,David,Davis,David Davis,12,https://www.parliament.vic.gov.au/members/david-davis/
david-ettershank,David,Ettershank,David Ettershank,1808,https://www.parliament.vic.gov.au/members/david-ettershank/
david-hodgett,David,Hodgett,David Hodgett,64,https://www.parliament.vic.gov.au/members/david-hodgett/
david-limbrick,David,Limbrick,David Limbrick,1755,https://www.parliament.vic.gov.au/members/david-limbrick/
david-southwick,David,Southwick,David Southwick,88,https://www.parliament.vic.gov.au/members/david-southwick/
dylan-wight,Dylan,Wight,Dylan Wight,1774,https://www.parliament.vic.gov.au/members/dylan-wight/
eden-foster,Eden,Foster,Eden Foster,1814,https://www.parliament.vic.gov.au/members/eden-foster/
ella-george,Ella,George,Ella George,1772,https://www.parliament.vic.gov.au/members/ella-george/
ellen-sandell,Ellen,Sandell,Ellen Sandell,100,https://www.parliament.vic.gov.au/members/ellen-sandell/
emma-kealy,Emma,Kealy,Emma Kealy,13,https://www.parliament.vic.gov.au/members/emma-kealy/
emma-vulin,Emma,Vulin,Emma Vulin,1788,https://www.parliament.vic.gov.au/members/emma-vulin/
enver-erdogan,Enver,Erdogan,Enver Erdogan,1760,https://www.parliament.vic.gov.au/members/enver-erdogan/
evan-mulholland,Evan,Mulholland,Evan Mulholland,1796,https://www.parliament.vic.gov.au/members/evan-mulholland/
gabrielle-de-vietri,Gabrielle,de Vietri,Gabrielle de Vietri,1791,https://www.parliament.vic.gov.au/members/gabrielle-de-vietri/
gabrielle-williams,Gabrielle,Williams,Gabrielle Williams,15,https://www.parliament.vic.gov.au/members/gabrielle-williams/
gaelle-broad,Gaelle,Broad,Gaelle Broad,1797,https://www.parliament.vic.gov.au/members/gaelle-broad/
gary-maas,Gary,Maas,Gary Maas,1742,https://www.parliament.vic.gov.au/members/gary-maas/
gayle-tierney,Gayle,Tierney,Gayle Tierney,59,https://www.parliament.vic.gov.au/members/gayle-tierney/
georgie-crozier,Georgie,Crozier,Georgie Crozier,102,https://www.parliament.vic.gov.au/members/georgie-crozier/
georgie-purcell,Georgie,Purcell,Georgie Purcell,1798,https://www.parliament.vic.gov.au/members/georgie-purcell/
harriet-shing,Harriet,Shing,Harriet Shing,33,https://www.parliament.vic.gov.au/members/harriet-shing/
ingrid-stitt,Ingrid,Stitt,Ingrid Stitt,1749,https://www.parliament.vic.gov.au/members/ingrid-stitt/
iwan-walters,Iwan,Walters,Iwan Walters,1781,https://www.parliament.vic.gov.au/members/iwan-walters/
jacinta-allan,Jacinta,Allan,Jacinta Allan,1,https://www.parliament.vic.gov.au/members/jacinta-allan/
jacinta-ermacora,Jacinta,Ermacora,Jacinta Ermacora,1809,https://www.parliament.vic.gov.au/members/jacinta-ermacora/
jackson-taylor,Jackson,Taylor,Jackson Taylor,1741,https://www.parliament.vic.gov.au/members/jackson-taylor/
jaclyn-symes,Jaclyn,Symes,Jaclyn Symes,116,https://www.parliament.vic.gov.au/members/jaclyn-symes/
jade-benham,Jade,Benham,Jade Benham,1773,https://www.parliament.vic.gov.au/members/jade-benham/
james-newbury,James,Newbury,James Newbury,1727,https://www.parliament.vic.gov.au/members/james-newbury/
jeff-bourman,Jeff,Bourman,Jeff Bourman,111,https://www.parliament.vic.gov.au/members/jeff-bourman/
jess-wilson,Jess,Wilson,Jess Wilson,1771,https://www.parliament.vic.gov.au/members/jess-wilson/
joe-mccracken,Joe,McCracken,Joe McCracken,1810,https://www.parliament.vic.gov.au/members/joe-mccracken/
john-berger,John,Berger,John Berger,1803,https://www.parliament.vic.gov.au/members/john-berger/
john-lister,John,Lister,John Lister,1817,https://www.parliament.vic.gov.au/members/john-lister/
john-mullahy,John,Mullahy,John Mullahy,1777,https://www.parliament.vic.gov.au/members/john-mullahy/
john-pesutto,John,Pesutto,John Pesutto,3,https://www.parliament.vic.gov.au/members/john-pesutto/
jordan-crugnale,Jordan,Crugnale,Jordan Crugnale,1740,https://www.parliament.vic.gov.au/members/jordan-crugnale/
josh-bull,Josh,Bull,Josh Bull,106,https://www.parliament.vic.gov.au/members/josh-bull/
juliana-addison,Juliana,Addison,Juliana Addison,1739,https://www.parliament.vic.gov.au/members/juliana-addison/
kat-theophanous,Kat,Theophanous,Kat Theophanous,1728,https://www.parliament.vic.gov.au/members/kat-theophanous/
katherine-copsey,Katherine,Copsey,Katherine Copsey,1805,https://www.parliament.vic.gov.au/members/katherine-copsey/
kathleen-matthews-ward,Kathleen,Matthews-Ward,Kathleen Matthews-Ward,1790,https://www.parliament.vic.gov.au/members/kathleen-matthews-ward/
katie-hall,Katie,Hall,Katie Hall,1723,https://www.parliament.vic.gov.au/members/katie-hall/
kim-okeeffe,Kim,O'Keeffe,Kim O'Keeffe,1783,https://www.parliament.vic.gov.au/members/kim-okeeffe/
kim-wells,Kim,Wells,Kim Wells,34,https://www.parliament.vic.gov.au/members/kim-wells/
lauren-kathage,Lauren,Kathage,Lauren Kathage,1778,https://www.parliament.vic.gov.au/members/lauren-kathage/
lee-tarlamis,Lee,Tarlamis,Lee Tarlamis,1719,https://www.parliament.vic.gov.au/members/lee-tarlamis/
lily-dambrosio,Lily,D'Ambrosio,Lily D'Ambrosio,38,https://www.parliament.vic.gov.au/members/lily-dambrosio/
lizzie-blandthorn,Lizzie,Blandthorn,Lizzie Blandthorn,8,https://www.parliament.vic.gov.au/members/lizzie-blandthorn/
luba-grigorovitch,Luba,Grigorovitch,Luba Grigorovitch,1770,https://www.parliament.vic.gov.au/members/luba-grigorovitch/
maree-edwards,Maree,Edwards,Maree Edwards,69,https://www.parliament.vic.gov.au/members/maree-edwards/
martha-haylett,Martha,Haylett,Martha Haylett,1775,https://www.parliament.vic.gov.au/members/martha-haylett/
martin-cameron,Martin,Cameron,Martin Cameron,1792,https://www.parliament.vic.gov.au/members/martin-cameron/
mary-anne-thomas,Mary-Anne,Thomas,Mary-Anne Thomas,7,https://www.parliament.vic.gov.au/members/mary-anne-thomas/
mathew-hilakari,Mathew,Hilakari,Mathew Hilakari,1768,https://www.parliament.vic.gov.au/members/mathew-hilakari/
matt-fregon,Matt,Fregon,Matt Fregon,1733,https://www.parliament.vic.gov.au/members/matt-fregon/
matthew-bach,Matthew,Bach,Matthew Bach,1761,https://www.parliament.vic.gov.au/members/matthew-bach/
matthew-guy,Matthew,Guy,Matthew Guy,51,https://www.parliament.vic.gov.au/members/matthew-guy/
melina-bath,Melina,Bath,Melina Bath,121,https://www.parliament.vic.gov.au/members/melina-bath/
melissa-horne,Melissa,Horne,Melissa Horne,1725,https://www.parliament.vic.gov.au/members/melissa-horne/
meng-heang-tak,Meng Heang,Tak,Meng Heang Tak,1722,https://www.parliament.vic.gov.au/members/meng-heang-tak/
michael-galea,Michael,Galea,Michael Galea,1800,https://www.parliament.vic.gov.au/members/michael-galea/
michael-obrien,Michael,O'Brien,Michael O'Brien,73,https://www.parliament.vic.gov.au/members/michael-obrien/
michaela-settle,Michaela,Settle,Michaela Settle,1737,https://www.parliament.vic.gov.au/members/michaela-settle/
moira-deeming,Moira,Deeming,Moira Deeming,1806,https://www.parliament.vic.gov.au/members/moira-deeming/
natalie-hutchins,Natalie,Hutchins,Natalie Hutchins,90,https://www.parliament.vic.gov.au/members/natalie-hutchins/
natalie-suleyman,Natalie,Suleyman,Natalie Suleyman,113,https://www.parliament.vic.gov.au/members/natalie-suleyman/
nathan-lambert,Nathan,Lambert,Nathan Lambert,1769,https://www.parliament.vic.gov.au/members/nathan-lambert/
nicholas-mcgowan,Nick,McGowan,Nick McGowan,1794,https://www.parliament.vic.gov.au/members/nicholas-mcgowan/
nick-staikos,Nick,Staikos,Nick Staikos,98,https://www.parliament.vic.gov.au/members/nick-staikos/
nicole-werner,Nicole,Werner,Nicole Werner,1813,https://www.parliament.vic.gov.au/members/nicole-werner/
nina-taylor,Nina,Taylor,Nina Taylor,1756,https://www.parliament.vic.gov.au/members/nina-taylor/
paul-edbrooke,Paul,Edbrooke,Paul Edbrooke,99,https://www.parliament.vic.gov.au/members/paul-edbrooke/
paul-hamer,Paul,Hamer,Paul Hamer,1734,https://www.parliament.vic.gov.au/members/paul-hamer/
paul-mercurio,Paul,Mercurio,Paul Mercurio,1786,https://www.parliament.vic.gov.au/members/paul-mercurio/
pauline-richards,Pauline,Richards,Pauline Richards,1726,https://www.parliament.vic.gov.au/members/pauline-richards/
peter-walsh,Peter,Walsh,Peter Walsh,46,https://www.parliament.vic.gov.au/members/peter-walsh/
rachel-payne,Rachel,Payne,Rachel Payne,1802,https://www.parliament.vic.gov.au/members/rachel-payne/
rachel-westaway,Rachel,Westaway,Rachel Westaway,1818,https://www.parliament.vic.gov.au/members/rachel-westaway/
renee-heath,Renee,Heath,Renee Heath,1793,https://www.parliament.vic.gov.au/members/renee-heath/
richard-riordan,Richard,Riordan,Richard Riordan,125,https://www.parliament.vic.gov.au/members/richard-riordan/
richard-welch,Richard,Welch,Richard Welch,1815,https://www.parliament.vic.gov.au/members/richard-welch/
rikkielee-tyrrell,Rikkie-Lee,Tyrrell,Rikkie-Lee Tyrrell,1799,https://www.parliament.vic.gov.au/members/rikkielee-tyrrell/
roma-britnell,Roma,Britnell,Roma Britnell,122,https://www.parliament.vic.gov.au/members/roma-britnell/
ros-spence,Ros,Spence,Ros Spence,6,https://www.parliament.vic.gov.au/members/ros-spence/
ryan-batchelor,Ryan,Batchelor,Ryan Batchelor,1804,https://www.parliament.vic.gov.au/members/ryan-batchelor/
ryan-smith,Ryan,Smith,Ryan Smith,74,https://www.parliament.vic.gov.au/members/ryan-smith/
sam-groth,Sam,Groth,Sam Groth,1779,https://www.parliament.vic.gov.au/members/sam-groth/
sam-hibbins,Sam,Hibbins,Sam Hibbins,107,https://www.parliament.vic.gov.au/members/sam-hibbins/
samantha-ratnam,Samantha,Ratnam,Samantha Ratnam,62,https://www.parliament.vic.gov.au/members/samantha-ratnam/
sarah-connolly,Sarah,Connolly,Sarah Connolly,1724,https://www.parliament.vic.gov.au/members/sarah-connolly/
sarah-mansfield,Sarah,Mansfield,Sarah Mansfield,1811,https://www.parliament.vic.gov.au/members/sarah-mansfield/
shaun-leane,Shaun,Leane,Shaun Leane,60,https://www.parliament.vic.gov.au/members/shaun-leane/
sheena-watt,Sheena,Watt,Sheena Watt,1762,https://www.parliament.vic.gov.au/members/sheena-watt/
sonja-terpstra,Sonja,Terpstra,Sonja Terpstra,1751,https://www.parliament.vic.gov.au/members/sonja-terpstra/
sonya-kilkenny,Sonya,Kilkenny,Sonya Kilkenny,79,https://www.parliament.vic.gov.au/members/sonya-kilkenny/
steve-dimopoulos,Steve,Dimopoulos,Steve Dimopoulos,5,https://www.parliament.vic.gov.au/members/steve-dimopoulos/
steve-mcghie,Steve,McGhie,Steve McGhie,1743,https://www.parliament.vic.gov.au/members/steve-mcghie/
tim-bull,Tim,Bull,Tim Bull,87,https://www.parliament.vic.gov.au/members/tim-bull/
tim-mccurdy,Tim,McCurdy,Tim McCurdy,93,https://www.parliament.vic.gov.au/members/tim-mccurdy/
tim-pallas,Tim,Pallas,Tim Pallas,54,https://www.parliament.vic.gov.au/members/tim-pallas/
tim-read,Tim,Read,Tim Read,1738,https://www.parliament.vic.gov.au/members/tim-read/
tim-richardson,Tim,Richardson,Tim Richardson,97,https://www.parliament.vic.gov.au/members/tim-richardson/
tom-mcintosh,Tom,McIntosh,Tom McIntosh,1766,https://www.parliament.vic.gov.au/members/tom-mcintosh/
trung-luu,Trung,Luu,Trung Luu,1807,https://www.parliament.vic.gov.au/members/trung-luu/
vicki-ward,Vicki,Ward,Vicki Ward,103,https://www.parliament.vic.gov.au/members/vicki-ward/
wayne-farnham,Wayne,Farnham,Wayne Farnham,1812,https://www.parliament.vic.gov.au/members/wayne-farnham/
wendy-lovell,Wendy,Lovell,Wendy Lovell,45,https://www.parliament.vic.gov.au/members/wendy-lovell/
will-fowles,Will,Fowles,Will Fowles,1730,https://www.parliament.vic.gov.au/members/will-fowles/
