member,house,electorate,party,starts_on,ends_on,start_reason,end_reason
nina-taylor,assembly,Albert Park,ALP,2022-11-26,,general election,
matt-fregon,assembly,Ashwood,ALP,2022-11-26,,general election,
jordan-crugnale,assembly,Bass,ALP,2022-11-26,,general election,
jackson-taylor,assembly,Bayswater,ALP,2022-11-26,,general election,
alison-marchant,assembly,Bellarine,ALP,2022-11-26,,general election,
bill-tilley,assembly,Benambra,LIB,2022-11-26,,general election,
jacinta-allan,assembly,Bendigo East,ALP,2022-11-26,,general election,
maree-edwards,assembly,Bendigo West,ALP,2022-11-26,,general election,
nick-staikos,assembly,Bentleigh,ALP,2022-11-26,,general election,
brad-battin,assembly,Berwick,LIB,2022-11-26,,general election,
paul-hamer,assembly,Box Hill,ALP,2022-11-26,,general election,
james-newbury,assembly,Brighton,LIB,2022-11-26,,general election,
kathleen-matthews-ward,assembly,Broadmeadows,ALP,2022-11-26,,general election,
tim-read,assembly,Brunswick,GRN,2022-11-26,2026-09-19,general election,died
matthew-guy,assembly,Bulleen,LIB,2022-11-26,,general election,
colin-brooks,assembly,Bundoora,ALP,2022-11-26,,general election,
sonya-kilkenny,assembly,Carrum,ALP,2022-11-26,,general election,
david-southwick,assembly,Caulfield,LIB,2022-11-26,,general election,
meng-heang-tak,assembly,Clarinda,ALP,2022-11-26,,general election,
pauline-richards,assembly,Cranbourne,ALP,2022-11-26,,general election,
david-hodgett,assembly,Croydon,LIB,2022-11-26,,general election,
gabrielle-williams,assembly,Dandenong,ALP,2022-11-26,,general election,
cindy-mcleish,assembly,Eildon,LIB,2022-11-26,,general election,
vicki-ward,assembly,Eltham,ALP,2022-11-26,,general election,
danny-pearson,assembly,Essendon,ALP,2022-11-26,,general election,
michaela-settle,assembly,Eureka,ALP,2022-11-26,,general election,
annabelle-cleeland,assembly,Euroa,NAT,2022-11-26,,general election,
bridget-vallence,assembly,Evelyn,LIB,2022-11-26,,general election,
katie-hall,assembly,Footscray,ALP,2022-11-26,,general election,
paul-edbrooke,assembly,Frankston,ALP,2022-11-26,,general election,
chris-couzens,assembly,Geelong,ALP,2022-11-26,,general election,
tim-bull,assembly,Gippsland East,NAT,2022-11-26,,general election,
danny-obrien,assembly,Gippsland South,NAT,2022-11-26,,general election,
john-mullahy,assembly,Glen Waverley,ALP,2022-11-26,,general election,
iwan-walters,assembly,Greenvale,ALP,2022-11-26,,general election,
paul-mercurio,assembly,Hastings,ALP,2022-11-26,,general election,
john-pesutto,assembly,Hawthorn,LIB,2022-11-26,,general election,
anthony-carbines,assembly,Ivanhoe,ALP,2022-11-26,,general election,
ros-spence,assembly,Kalkallo,ALP,2022-11-26,,general election,
jess-wilson,assembly,Kew,LIB,2022-11-26,,general election,
luba-grigorovitch,assembly,Kororoit,ALP,2022-11-26,,general election,
ella-george,assembly,Lara,ALP,2022-11-26,,general election,
sarah-connolly,assembly,Laverton,ALP,2022-11-26,,general election,
emma-kealy,assembly,Lowan,NAT,2022-11-26,,general election,
mary-anne-thomas,assembly,Macedon,ALP,2022-11-26,,general election,
michael-obrien,assembly,Malvern,LIB,2022-11-26,,general election,
ellen-sandell,assembly,Melbourne,GRN,2022-11-26,,general election,
steve-mcghie,assembly,Melton,ALP,2022-11-26,,general election,
jade-benham,assembly,Mildura,NAT,2022-11-26,,general election,
lily-dambrosio,assembly,Mill Park,ALP,2022-11-26,,general election,
daniela-de-martino,assembly,Monbulk,ALP,2022-11-26,,general election,
tim-richardson,assembly,Mordialloc,ALP,2022-11-26,,general election,
chris-crewther,assembly,Mornington,LIB,2022-11-26,,general election,
martin-cameron,assembly,Morwell,NAT,2022-11-26,,general election,
daniel-andrews,assembly,Mulgrave,ALP,2022-11-26,2023-09-27,general election,resigned
eden-foster,assembly,Mulgrave,ALP,2023-11-18,,by-election,
peter-walsh,assembly,Murray Plains,NAT,2022-11-26,,general election,
wayne-farnham,assembly,Narracan,LIB,2023-01-28,,supplementary election,
belinda-wilson,assembly,Narre Warren North,ALP,2022-11-26,,general election,
gary-maas,assembly,Narre Warren South,ALP,2022-11-26,,general election,
sam-groth,assembly,Nepean,LIB,2022-11-26,2026-02-13,general election,resigned
anthony-marsh,assembly,Nepean,LIB,2026-05-02,,by-election,
ben-carroll,assembly,Niddrie,ALP,2022-11-26,,general election,
kat-theophanous,assembly,Northcote,ALP,2022-11-26,,general election,
steve-dimopoulos,assembly,Oakleigh,ALP,2022-11-26,,general election,
tim-mccurdy,assembly,Ovens Valley,NAT,2022-11-26,,general election,
emma-vulin,assembly,Pakenham,ALP,2022-11-26,,general election,
anthony-cianflone,assembly,Pascoe Vale,ALP,2022-11-26,,general election,
mathew-hilakari,assembly,Point Cook,ALP,2022-11-26,,general election,
richard-riordan,assembly,Polwarth,LIB,2022-11-26,,general election,
sam-hibbins,assembly,Prahran,GRN,2022-11-26,2024-10-31,general election,party change
sam-hibbins,assembly,Prahran,IND,2024-11-01,2024-11-23,party change,resigned
rachel-westaway,assembly,Prahran,LIB,2025-02-08,,by-election,
nathan-lambert,assembly,Preston,ALP,2022-11-26,,general election,
gabrielle-de-vietri,assembly,Richmond,GRN,2022-11-26,,general election,
will-fowles,assembly,Ringwood,ALP,2022-11-26,2023-08-04,general election,party change
will-fowles,assembly,Ringwood,IND,2023-08-05,,party change,
martha-haylett,assembly,Ripon,ALP,2022-11-26,,general election,
kim-wells,assembly,Rowville,LIB,2022-11-26,,general election,
brad-rowswell,assembly,Sandringham,LIB,2022-11-26,,general election,
kim-okeeffe,assembly,Shepparton,NAT,2022-11-26,,general election,
darren-cheeseman,assembly,South Barwon,ALP,2022-11-26,2024-04-28,general election,party change
darren-cheeseman,assembly,South Barwon,IND,2024-04-29,,party change,
roma-britnell,assembly,South-West Coast,LIB,2022-11-26,,general election,
natalie-suleyman,assembly,St Albans,ALP,2022-11-26,,general election,
josh-bull,assembly,Sunbury,ALP,2022-11-26,,general election,
natalie-hutchins,assembly,Sydenham,ALP,2022-11-26,,general election,
dylan-wight,assembly,Tarneit,ALP,2022-11-26,,general election,
bronwyn-halfpenny,assembly,Thomastown,ALP,2022-11-26,,general election,
ryan-smith,assembly,Warrandyte,LIB,2022-11-26,2023-07-07,general election,resigned
nicole-werner,assembly,Warrandyte,LIB,2023-09-01,,by-election,
juliana-addison,assembly,Wendouree,ALP,2022-11-26,,general election,
tim-pallas,assembly,Werribee,ALP,2022-11-26,2025-01-06,general election,resigned
john-lister,assembly,Werribee,ALP,2025-02-08,,by-election,
melissa-horne,assembly,Williamstown,ALP,2022-11-26,,general election,
lauren-kathage,assembly,Yan Yean,ALP,2022-11-26,,general election,
harriet-shing,council,Eastern Victoria,ALP,2022-11-26,,general election,
jeff-bourman,council,Eastern Victoria,SFF,2022-11-26,,general election,
melina-bath,council,Eastern Victoria,NAT,2022-11-26,,general election,
renee-heath,council,Eastern Victoria,LIB,2022-11-26,,general election,
tom-mcintosh,council,Eastern Victoria,ALP,2022-11-26,,general election,
aiv-puglielli,council,North-Eastern Metropolitan,GRN,2022-11-26,,general election,
matthew-bach,council,North-Eastern Metropolitan,LIB,2022-11-26,2023-12-07,general election,resigned
nicholas-mcgowan,council,North-Eastern Metropolitan,LIB,2022-11-26,,general election,
shaun-leane,council,North-Eastern Metropolitan,ALP,2022-11-26,,general election,
sonja-terpstra,council,North-Eastern Metropolitan,ALP,2022-11-26,,general election,
richard-welch,council,North-Eastern Metropolitan,LIB,2024-02-07,,casual vacancy,
adem-somyurek,council,Northern Metropolitan,DLP,2022-11-26,2024-03-25,general election,party change
enver-erdogan,council,Northern Metropolitan,ALP,2022-11-26,,general election,
evan-mulholland,council,Northern Metropolitan,LIB,2022-11-26,,general election,
samantha-ratnam,council,Northern Metropolitan,GRN,2022-11-26,2024-11-08,general election,resigned
sheena-watt,council,Northern Metropolitan,ALP,2022-11-26,,general election,
adem-somyurek,council,Northern Metropolitan,IND,2024-03-26,,party change,
anasina-gray-barberio,council,Northern Metropolitan,GRN,2024-11-13,,casual vacancy,
gaelle-broad,council,Northern Victoria,NAT,2022-11-26,,general election,
georgie-purcell,council,Northern Victoria,AJP,2022-11-26,,general election,
jaclyn-symes,council,Northern Victoria,ALP,2022-11-26,,general election,
rikkielee-tyrrell,council,Northern Victoria,ONP,2022-11-26,,general election,
wendy-lovell,council,Northern Victoria,LIB,2022-11-26,,general election,
ann-marie-hermans,council,South-Eastern Metropolitan,LIB,2022-11-26,,general election,
david-limbrick,council,South-Eastern Metropolitan,LBT,2022-11-26,,general election,
lee-tarlamis,council,South-Eastern Metropolitan,ALP,2022-11-26,,general election,
michael-galea,council,South-Eastern Metropolitan,ALP,2022-11-26,,general election,
rachel-payne,council,South-Eastern Metropolitan,LCV,2022-11-26,,general election,
david-davis,council,Southern Metropolitan,LIB,2022-11-26,,general election,
georgie-crozier,council,Southern Metropolitan,LIB,2022-11-26,,general election,
john-berger,council,Southern Metropolitan,ALP,2022-11-26,,general election,
katherine-copsey,council,Southern Metropolitan,GRN,2022-11-26,,general election,
ryan-batchelor,council,Southern Metropolitan,ALP,2022-11-26,,general election,
david-ettershank,council,Western Metropolitan,LCV,2022-11-26,,general election,
ingrid-stitt,council,Western Metropolitan,ALP,2022-11-26,,general election,
lizzie-blandthorn,council,Western Metropolitan,ALP,2022-11-26,,general election,
moira-deeming,council,Western Metropolitan,LIB,2022-11-26,2023-05-11,general election,party change
trung-luu,council,Western Metropolitan,LIB,2022-11-26,,general election,
moira-deeming,council,Western Metropolitan,IND,2023-05-12,2024-12-26,party change,party change
moira-deeming,council,Western Metropolitan,LIB,2024-12-27,2026-07-27,party change,party change
moira-deeming,council,Western Metropolitan,IND,2026-07-28,2026-09-05,party change,party change
moira-deeming,council,Western Metropolitan,FFV,2026-09-06,,party change,
bev-mcarthur,council,Western Victoria,LIB,2022-11-26,,general election,
gayle-tierney,council,Western Victoria,ALP,2022-11-26,,general election,
jacinta-ermacora,council,Western Victoria,ALP,2022-11-26,,general election,
joe-mccracken,council,Western Victoria,LIB,2022-11-26,,general election,
sarah-mansfield,council,Western Victoria,GRN,2022-11-26,,general election,
