short_name,name,slug,colour,is_whipless
ALP,Australian Labor Party,australian-labor-party,#DE3533,no
LIB,Liberal Party,liberal-party,#1C4F9C,no
NAT,The Nationals,the-nationals,#006644,no
GRN,Australian Greens,australian-greens,#10C25B,no
LCV,Legalise Cannabis Victoria,legalise-cannabis-victoria,#2F7D32,no
AJP,Animal Justice Party,animal-justice-party,#8C2C8C,no
ONP,Pauline Hanson's One Nation,pauline-hansons-one-nation,#F36C21,no
SFF,"Shooters, Fishers and Farmers Party",shooters-fishers-and-farmers-party,#7A5C3E,no
FFV,Family First Victoria,family-first-victoria,#1B9AAA,no
LBT,Libertarian Party,libertarian-party,#E0B000,no
DLP,Democratic Labour Party,democratic-labour-party,#7E1E2B,no
IND,Independent,independent,#6B7280,yes
