ballot_name,party,note
Animal Justice Party,AJP,
Australian Greens,GRN,
Australian Labor Party - Victorian Branch,ALP,
Family First Victoria,FFV,
Labour DLP,DLP,Registered name of the Democratic Labour Party in 2022
Legalise Cannabis Victoria,LCV,
Liberal,LIB,
Liberal Democrats,LBT,Renamed the Libertarian Party in 2023
Pauline Hanson's One Nation,ONP,
"Shooters, Fishers & Farmers Vic",SFF,
The Nationals,NAT,
Angry Victorians Party,,No members in the 60th Parliament
Companions and Pets Party,,No members in the 60th Parliament
Derryn Hinch's Justice Party,,No members in the 60th Parliament
Fiona Patten's Reason Party,,No members in the 60th Parliament
Freedom Party of Victoria,,No members in the 60th Parliament
Health Australia Party,,No members in the 60th Parliament
New Democrats,,No members in the 60th Parliament
Sack Dan Andrews Restore Democracy,,No members in the 60th Parliament
Sustainable Australia Party – Stop Overdevelopment / Corruption,,No members in the 60th Parliament
Transport Matters,,No members in the 60th Parliament
United Australia Party,,No members in the 60th Parliament
Victorian Socialists,,No members in the 60th Parliament
